Date=, ,Hours,Avg,Total,H1,H2,H3,H4,H5,H6,H7,H8,H9,H10,H11,H12,H13,H14,H15,H16,H17,H18,H19,H20,H21,H22,H23,H24
1/1/2017 0:00,DA,24,29.53,708.74,32.41,32.34,32.01,31.91,31.04,32.9,34.93,35.24,29.95,17.24,9.33,4.84,3.11,2.76,8.21,27.63,36.35,51.04,51.57,45.82,41.37,44,37.96,34.79
1/2/2017 0:00,DA,24,36.63,879.13,31.37,30.66,29.13,28.43,29.69,33.13,34.65,35.81,36.4,33.37,30.97,30.84,26.96,27.79,30.82,35.37,41.65,54.59,56.93,53.46,47.97,44.89,38.1,36.14
1/3/2017 0:00,DA,24,42.52,"1,020.43",32.8,31.01,30.44,29.77,30.71,36.07,47.97,54.81,46.62,41.05,37.74,35.11,32.33,34.58,38.59,41.12,52.99,63.35,66.45,56.5,54.5,47.76,40.75,37.42
1/4/2017 0:00,DA,24,37.73,905.46,29.37,28.93,28.33,27.3,28.93,37.28,42.65,46.96,40.5,36.61,35.27,33.26,27.63,30.93,33.97,38.67,43.66,54,53.69,47.43,44.45,41.26,38.09,36.29
1/5/2017 0:00,DA,24,37.79,906.94,30.08,28.46,27.7,27.68,28.66,36.01,41.35,43.12,40.59,37.85,36.35,34.15,31.5,35.21,36.79,38.61,44.08,53.99,51.95,45.64,42.58,41.88,37.37,35.34
1/6/2017 0:00,DA,24,34.33,823.86,27.83,26.83,25.25,26.2,28.31,34.31,42.27,46.66,38.07,32.38,19.81,20.31,13.07,25.61,28.8,35.43,42.37,57.02,51.66,48.16,42.25,39.58,36.99,34.65
1/7/2017 0:00,DA,24,35.57,853.66,30.22,28.36,27.82,28.2,28.28,29.08,34.38,37.13,40.07,34.65,33.84,31.81,30,31.01,32.38,34.56,42.61,54.21,50.78,44.68,40.52,39.49,35.74,33.85
1/8/2017 0:00,DA,24,32.84,788.23,31.44,30.63,28.35,27.77,27.72,30.29,31.21,30.3,30.13,27.29,26.94,27.04,26.02,26.17,26.77,31.02,37.19,49.4,49.99,46.23,42.89,38.52,33.22,31.71
1/9/2017 0:00,DA,24,36.31,871.34,26.83,26.73,24.72,23.59,25.26,30.84,41.57,48.21,41.49,38.79,36.65,34.09,29.88,30.3,31.08,34.82,44.35,57.19,49.51,47.42,42.57,40.8,33.51,31.15
1/10/2017 0:00,DA,24,33.23,797.56,23.3,22.15,21.55,21.78,22.28,28.88,36.18,42.68,38.32,34.82,27.93,28.46,25.62,29.17,29.95,34.8,39.42,53.98,48.62,46.48,41.52,37.67,32.6,29.38
1/11/2017 0:00,DA,24,33.76,810.24,25.46,23.66,21.89,21.27,24.78,28.56,36.67,43.84,36.32,34.83,33.64,27.98,25.48,25,27.91,33.23,40.33,53.5,50.91,47.26,42.3,38.7,35.84,30.9
1/12/2017 0:00,DA,24,38.14,915.4,30.58,28.63,27.02,26.54,28.66,33.25,41.63,47.62,44.19,40.21,37.19,33.93,31.8,31.39,31.74,36.26,42.92,56.97,54.07,50.64,49.12,41.04,36.35,33.64
1/13/2017 0:00,DA,24,37.35,896.44,29.8,29.09,27.37,27.28,28.72,33.2,43.65,54.64,44.13,39.66,33.79,29.15,26.79,27.15,28.02,33.58,40.77,54.76,53.26,50.05,47.19,41.87,38.1,34.43
1/14/2017 0:00,DA,24,34.43,826.25,31.7,30.03,28.6,28.59,29.55,34.99,37.82,44.3,37.01,32,25.8,22.64,20.59,19.72,21.76,30.22,39.84,53.05,51.31,48.28,45.15,42.08,38.1,33.13
1/15/2017 0:00,DA,24,33.63,807.1,30.81,29.69,29.15,29.09,29.46,31.8,36.45,33.94,30.34,28.3,22.93,21.18,19.95,19.74,22.04,29.57,41.46,56.04,53.18,50.21,49.82,42.97,36.46,32.51
1/16/2017 0:00,DA,24,33,792.08,30.09,29.43,28.86,29.43,30.46,33.51,40.4,48.47,37.43,27.47,16.34,13.2,7.29,5.09,16.41,32.92,40.67,56.19,53.76,51.12,49.67,40.81,37.59,35.46
1/17/2017 0:00,DA,24,35.39,849.38,29.59,28.98,28.38,28.53,29.56,34.88,43.88,50.23,38.2,32.07,28.08,26.6,24.28,22.03,26.5,30.81,40.35,52.79,51.69,49.67,45.26,38.86,35.91,32.24
1/18/2017 0:00,DA,24,34.57,829.73,28.87,28.11,27.74,28.06,28.41,33.87,43.07,49.57,37.26,31.79,28.68,27.89,26.66,25.04,27.29,31.24,37.31,50.4,49.3,46.14,42.93,36.27,33.82,30.01
1/19/2017 0:00,DA,24,32.98,791.59,22.25,22.4,21.55,21.54,22.3,30.83,41.46,49.41,42.22,35.19,30.86,27.54,26.02,26.4,26.51,29.84,36.51,50.69,48.16,43.03,40.88,35.45,32.19,28.34
1/20/2017 0:00,DA,24,33.91,813.89,27.53,25.64,24.65,24.42,25.32,31.83,40.55,44.51,42.1,35.49,35.7,32.34,29.99,29.74,29.63,32.06,35.32,46.24,44.25,41.37,37.95,34.97,33.18,29.1
1/21/2017 0:00,DA,24,31.29,750.94,31.78,29.17,29,27.42,28.99,31.14,31.51,32.6,29.11,25.99,23.46,20.24,16.06,15.42,21.68,28.79,36.14,49.31,49.66,44.39,41.9,39.21,36.62,31.34
1/22/2017 0:00,DA,24,33.87,812.89,28.21,27.37,25.91,26.43,26.6,28.17,31.25,32.72,34.77,32.45,31.34,31.11,29.87,29.5,30.67,30.82,37.05,50.15,50.47,48.91,44.27,39.24,34.88,30.72
1/23/2017 0:00,DA,24,36,863.91,27.53,27.1,25.86,26.07,28.01,32.9,42.73,46.73,39.68,34.34,32.85,31.69,28.86,28.42,28.94,31.14,40.15,54.29,54.45,49.67,45.93,39.9,36.19,30.48
1/24/2017 0:00,DA,24,35.41,849.93,27.08,26.05,25.62,26.04,27.73,33.83,41.56,49.27,37.14,31.73,28.97,26.02,23.28,23.89,27.17,31.47,37.86,55.13,59.39,51.24,48.35,40.82,36.89,33.4
1/25/2017 0:00,DA,24,37.92,909.97,31.16,30.3,29.71,30.26,32.18,40.93,50.32,64.75,38.83,31.52,27.47,25.82,21.73,21.41,25.04,32.09,39.83,57.09,59.94,52.66,50.45,43.13,38.31,35.05
1/26/2017 0:00,DA,24,36.8,883.09,31.33,29.88,29.17,29.88,31.05,37.4,48.8,56.23,37.62,30.41,26.84,24.04,20.93,20.48,24.06,33.36,39.64,56.18,60.64,52.06,48.55,41.84,38.34,34.35
1/27/2017 0:00,DA,24,34.38,825.14,32.05,30.56,29.78,29.7,31.28,36.63,46.29,51.07,35.59,29.15,23.57,20.49,15.31,14.63,19.2,29.16,38.24,51.34,54.51,49.26,45.66,40.37,37.28,34.03
1/28/2017 0:00,DA,24,30.94,742.61,33.89,32.09,31.97,31.95,32.74,34.56,37.09,37.98,31.75,20.68,13.06,9.77,6.12,6.92,11.55,26.58,36.61,50.31,54.29,48.05,45.19,40.06,37.26,32.15
1/29/2017 0:00,DA,24,29.13,699.15,31.78,30.5,30.38,29.51,30.5,31.74,35.11,35.31,27.43,16.53,6.98,4.3,2.4,4.26,10.79,27.41,37.48,51.77,53.49,47.66,45.6,39.45,36.04,32.73
1/30/2017 0:00,DA,24,33.81,811.44,29.34,28.24,27.61,27.62,29.29,35.52,46.57,51.77,34.75,28.32,22.88,17.47,15.51,16.38,19.52,29.88,38.57,50.98,55.45,49.73,46.73,41.98,36.09,31.25
1/31/2017 0:00,DA,24,34.55,829.32,30.49,29.17,28.28,28.27,30.07,36.58,47,52.44,35.3,28.77,25.1,21.01,16.2,17.3,20.88,29.88,39.12,52.09,55.33,49.65,46.5,40.84,35.86,33.17
2/1/2017 0:00,DA,24,32.15,771.49,28.65,27.38,25.89,25.95,27.81,35.56,44.03,48.4,32.07,25.66,21.5,16.83,10.52,11.86,20.06,28.81,35.82,48.63,55.51,48.83,47.33,39.28,34.21,30.92
2/2/2017 0:00,DA,24,34.33,823.81,27.62,25.48,24.91,24.85,26.04,31.76,42.96,47.2,35.64,30.74,26.34,25.52,22.21,25.38,27.51,33.26,38.74,49.2,56.51,50.3,47.69,39.69,34,30.29
2/3/2017 0:00,DA,24,32.37,776.93,28.2,25.35,24.75,24.8,26.56,31.76,39.19,42.73,35.43,30.84,27.9,24.54,22.9,23.61,23.99,28.79,35.72,45.27,49.35,44.94,40.09,36.82,33.63,29.79
2/4/2017 0:00,DA,24,26.06,625.49,29.77,27.77,26.29,25.63,28.11,29.7,33.13,32.1,26.91,14.49,8.04,5.21,3.88,3.45,5.47,21.58,29.91,43.04,48.19,42.34,40.01,37.73,32.95,29.78
2/5/2017 0:00,DA,24,28.5,683.95,25.95,24.88,23.73,23.76,25.25,27.93,37.39,36.16,24.32,20.48,17.09,17.14,16.09,16.23,20.55,27.08,29.74,42.52,47.47,45.34,40.31,35.75,30.42,28.4
2/6/2017 0:00,DA,24,31.19,748.6,23.25,21.49,20.44,21.43,23.79,29.61,35.54,44.34,33.99,28.47,24.06,23.53,22.8,23.73,23.85,28.84,35.31,45.69,52.33,47.33,43.98,36.19,31,27.62
2/7/2017 0:00,DA,24,30.29,726.99,23.16,21.64,20.56,19.92,23.56,27.48,34.27,41.02,33.74,28.88,24.05,17.63,17.05,24.15,24.47,29.76,35.65,45.52,51.41,45.6,43.84,35.68,30.73,27.21
2/8/2017 0:00,DA,24,33.35,800.34,24.66,21.89,21.17,21.77,25.66,31.08,39.37,48.83,35.68,29.84,28.15,25.93,23.62,24.58,26.95,29.53,39.04,49.22,55.42,48.89,46.4,38,33.32,31.36
2/9/2017 0:00,DA,24,32.78,786.78,25.8,24.5,23.47,23.7,25.26,30.73,40.74,49.82,32.12,25.39,24.86,24.1,22.85,24.92,25.54,28.51,38.03,49.36,55.54,47.17,45.94,37.8,32.24,28.37
2/10/2017 0:00,DA,24,31.54,756.99,22.94,20.57,17.24,17.18,20.69,28.94,37.27,44.38,34.75,32.07,29.65,28.85,27.02,27.08,27.25,27.52,36.26,47,53.36,44.4,40.53,34.6,31.6,25.81
2/11/2017 0:00,DA,24,26.06,625.44,28.23,25.03,24.27,24.34,24.69,28.84,29.13,30.52,24.46,13.29,10.31,9.16,7.04,10.26,9.3,20.31,29.02,43.36,49.24,42.68,42.7,36.08,35.45,27.74
2/12/2017 0:00,DA,24,29.77,714.5,29.84,26.43,25.61,26.34,26.56,32.52,35.81,35.51,27.46,24.48,16.6,12.41,10.32,12.48,14.21,20.92,34.26,45.13,60.73,47.39,45.92,42.18,32.98,28.41
2/13/2017 0:00,DA,24,33.86,812.59,27.23,26.33,25.11,25.08,27.37,33.88,42.98,48.54,32.42,27.62,23.58,23.33,21.02,23.42,25.43,28.98,36.77,49.09,60.99,51.63,45.57,39.93,35.32,30.97
2/14/2017 0:00,DA,24,29.46,706.95,25.51,24.39,21.81,20.54,25.44,31.95,39.26,45.16,30.17,21.99,14.86,14.54,10.41,12.37,16.72,25.45,33.22,46.63,56.48,48.12,43.59,37.09,33.49,27.74
2/15/2017 0:00,DA,24,26.48,635.41,22.78,21.71,18.94,18.94,24.54,32.96,39.24,41.55,27.77,14.64,8.23,5.76,4.56,7.97,10.47,22.61,31.51,46.81,52.56,44.49,41.29,36.42,33.01,26.64
2/16/2017 0:00,DA,24,24.68,592.36,22.99,19.14,16.36,17.69,23.4,30.05,43.05,40.06,24.8,13.05,6.21,3.5,1.36,2.85,8.31,21.08,30.35,43.22,51.85,44.1,39.78,34.51,29.94,24.69
2/17/2017 0:00,DA,24,30.9,741.71,21.91,19.41,16.73,16.87,20.78,27.48,36.27,42.31,34.56,32.57,30.15,27.72,25.52,26.61,27.97,29.71,33.29,43.99,51.61,43.11,39.3,34.91,31.16,27.75
2/18/2017 0:00,DA,24,27.46,658.98,26.02,22.77,19.54,19.46,20.74,23.13,28.28,31.04,27.29,30.5,27.79,25.29,21.85,18.69,15.31,22.35,25.14,40.36,47.82,41.46,37.78,32.98,29.34,24.05
2/19/2017 0:00,DA,24,18.32,439.79,15.55,14.76,14.65,14.05,14.8,15.4,25.74,13.47,2.01,1.65,0.61,1.01,0.42,1.89,4.36,14.27,23.92,40.34,51.22,44.02,40.96,33.83,26.94,23.92
2/20/2017 0:00,DA,24,27.2,652.85,17.55,9.16,7.97,10.24,18.42,28.85,37.18,41.37,29.18,23.45,20.45,19.99,15.96,17.88,18.76,23.95,31.27,45.32,55.74,45.55,42.04,36.52,32.12,23.95
2/21/2017 0:00,DA,24,26.31,631.52,14.37,11.47,10.26,11.93,20.24,28.48,43.82,43.55,26.87,24.55,20.3,16.78,12.9,15.44,15.06,21.89,29.76,43.69,49.99,43.7,39.72,34.37,29.13,23.24
2/22/2017 0:00,DA,24,21.06,505.38,14.06,13.3,12.09,15.42,20.56,27.57,39.77,38.97,20.78,5.13,2.34,0.33,-0.12,0.04,0.73,10.78,26.08,40.39,50.21,42.45,40.22,34.26,27.69,22.33
2/23/2017 0:00,DA,24,21.59,518.27,22.94,22.39,20.81,21.98,24.17,30.95,45.06,39.43,17.85,-0.13,-4.65,-5.83,-4.67,-4.63,-3.16,1.68,22.97,43.23,51.93,42.68,41.06,34.74,31.7,25.77
2/24/2017 0:00,DA,24,25.41,609.91,23.55,21.96,17.47,21.34,24.69,32.47,47.55,43.76,26.02,11.5,8.23,3.26,3.21,3.49,5.12,11.78,26.11,41.71,53.3,43.94,42.82,37.06,33.14,26.45
2/25/2017 0:00,DA,24,19.77,474.53,25.33,23.52,22.46,23.49,23.53,31.03,37.24,25.91,14.67,-5.23,-6.52,-6.59,-7.31,-6.5,-5.25,0.43,19.36,42.03,51.03,44.96,39.24,34.88,28.21,24.63
2/26/2017 0:00,DA,24,18.79,451.01,24.67,22.58,17.37,17.37,22.44,25.54,34.15,23.79,14.01,1.43,-3.54,-3.19,-6.62,-7,-5.12,0.22,15.67,39.65,51.7,41.96,40.61,33.32,26.91,23.12
2/27/2017 0:00,DA,24,28.12,674.84,20.07,17.11,14.52,17.5,23.46,29.01,44.32,42.37,28.83,25.34,21.33,19.85,16.31,18.16,18.05,23.09,28.84,41.77,52.02,43.44,39.92,33.28,30.49,25.76
2/28/2017 0:00,DA,24,22.55,541.24,16.37,12.87,11.45,12.8,16.73,29.41,52.16,39.93,22.64,7.06,0.91,0.03,0.04,2.48,3.55,6.7,22.66,42.16,52.21,48.08,45.57,39.58,31.16,24.69
3/1/2017 0:00,DA,24,24.98,599.59,22.19,20.32,18.51,20.88,24.64,37.22,51.55,45.26,27.1,10.36,1.26,-0.01,0.85,0.03,1.23,7.44,22.84,47.53,56.99,47.61,43.88,36.22,31.55,24.12
3/2/2017 0:00,DA,24,23.04,552.95,21.84,18.69,20.04,20.06,24.89,34.67,49.93,41.24,22.36,5.03,0.5,0,0,0.01,0.01,3.02,21.39,42.38,54.65,47.81,41.19,34.15,28.17,20.89
3/3/2017 0:00,DA,24,21.19,508.63,16.46,13.38,13.48,14.49,20.31,33.07,44.17,35.23,22.78,4.03,0.25,0.01,0.02,0.01,0.95,10.69,22.43,40.05,53.51,44.27,39.14,32.82,26.1,20.98
3/4/2017 0:00,DA,24,19.38,465.18,22.55,17.66,15.24,15.27,17.42,27.59,32.19,22.3,13.82,0.06,0.01,-0.63,-1.7,-0.16,0,6.63,19.76,40.42,56.36,42.9,37.84,32.13,25.87,21.62
3/5/2017 0:00,DA,24,18.8,451.22,21.36,16.62,14.43,15.23,21.35,25.25,30.12,21.33,10.55,1.03,-0.05,-0.5,-4.97,-1.94,-0.44,0.08,20.78,38.39,53.67,45.54,39.98,34.23,25.7,23.48
3/6/2017 0:00,DA,24,22.04,528.91,15.42,11.53,12.02,12.37,17.81,31.22,45.43,39.6,23.47,6.11,2.19,1.99,0.98,1.59,-0.06,5.26,21.69,42.18,58.99,47.52,42.17,36.92,29.36,23.16
3/7/2017 0:00,DA,24,27.14,651.32,21.99,21.1,21.08,21.35,25.62,36.82,53.34,44.71,28.49,13.03,7.76,7.3,2.49,4.36,4.2,10.97,26.75,45.56,64.24,49.06,45.49,36.96,33.28,25.37
3/8/2017 0:00,DA,24,26.11,626.68,19.87,17.42,18,17.8,22.99,34.01,43.71,39.2,25.34,12.89,6.39,6.57,7.8,12.72,9.66,14.65,28.85,44.13,63.37,49.13,43.62,36.19,28.84,23.55
3/9/2017 0:00,DA,24,25.73,617.54,19.6,17.58,17.53,17.51,23.01,36.35,46.67,35.98,21.31,7.37,2.84,5.29,6.32,11.91,12.81,19.06,27.51,45.3,66.69,48.63,43.52,33.66,28.12,22.96
3/10/2017 0:00,DA,24,22.58,542,15.97,12.84,10.61,11.26,18.52,35.68,44.35,29.35,16.94,2.32,4.05,5.14,5.61,8.01,11.1,13.55,24.27,42.6,55.91,48.42,40.27,32.95,26.94,25.32
3/11/2017 0:00,DA,24,21.52,516.57,23.25,18.93,18.71,18.92,23.07,31.45,32.31,17.47,5.25,0,0,0.08,0.11,0.47,3.62,13.1,25.3,46.09,61.79,47.11,41.2,33.77,26.09,28.49
3/12/2017 0:00,DA,23,17.09,393.14,21.42,19.43,,15.98,16.21,21.41,24.87,22.06,10.44,-6.16,-10.54,-9.42,-7.38,-2.97,-1.44,0,1.03,21.69,48.91,63.27,46.75,39.12,31.82,26.6
3/13/2017 0:00,DA,24,32.43,778.38,17.69,16.59,15.24,17.85,20.51,34.82,47.64,51.2,37.61,21.64,15.32,18.68,22.22,26.11,30.1,28.2,32.19,35.65,53.88,75.24,54.11,41.73,34.94,29.22
3/14/2017 0:00,DA,24,32.38,777.01,25.17,22,19.58,21.22,22.02,34.55,47.58,51.63,33.87,21.35,16.62,19.37,22.19,24.15,27.64,28.1,32.04,35.75,51.47,67.58,49.06,42.07,33.43,28.58
3/15/2017 0:00,DA,24,29.57,709.67,21.01,17.82,17.61,17.59,20.96,33.59,47.26,48.96,34.56,19.89,14.38,14.71,17.36,20.53,20.01,22.1,24.32,32.79,49.87,68.78,49.12,40.44,30.21,25.8
3/16/2017 0:00,DA,24,27,648.05,19.15,18.45,13.57,13.91,20.25,32.14,47.49,49.55,31.01,14.62,5.41,6.87,10.15,17.56,17.7,17.15,20.96,28.72,46.78,70.6,47.31,39.84,30.64,28.22
3/17/2017 0:00,DA,24,30.43,730.28,20.9,18.8,15.03,15.58,19.98,32.93,49.13,50.26,34,19.84,13.75,17.28,19.96,22.77,26.39,20.2,26.49,33.21,48.8,74.62,48.61,41.7,32.19,27.86
3/18/2017 0:00,DA,24,24.5,588.01,24.64,22.67,20.66,20.73,22.81,30.35,31.02,41.31,27.04,10.65,2.34,0.23,0.39,1.8,7.27,5.12,18.09,29.84,47.61,67.2,47.48,43.05,36.71,28.99
3/19/2017 0:00,DA,24,21.37,512.92,28.82,24.47,24.13,22.96,23.86,27.83,34.38,34.16,23.15,0.01,-8.6,-9.6,-9.61,-5.1,-0.22,2.16,10.15,25.17,47.96,70.27,47.44,43.07,30.62,25.43
3/20/2017 0:00,DA,24,24.56,589.48,8.98,7.37,9.98,10.58,15.13,30.52,37.92,50.16,31.79,22.74,20.87,10.89,8.82,11.68,12.37,13.81,19.26,27.46,43.36,57.51,46.93,36.39,29.02,25.93
3/21/2017 0:00,DA,24,27.57,661.57,16.47,12.37,11.29,10.25,14.72,30.91,39.1,50.26,37.07,29.34,27.47,21.1,19.03,17.93,17.58,17.81,20.16,28.2,43.75,55.66,45.86,36.97,32.87,25.37
3/22/2017 0:00,DA,24,26.26,630.29,16.89,12.36,7.88,8.56,16.12,29.51,36.55,48.14,34.48,27.38,25.31,21.01,20.45,20.5,20.37,20.08,20.82,27.26,39.98,53.49,42.98,31.45,27.98,20.73
3/23/2017 0:00,DA,24,17.8,427.26,11.54,6.2,2.82,3.31,10.32,26.12,38.57,47.17,23.54,4.44,1.65,0.53,0.23,0.85,1.07,1.2,3.6,14.88,35.37,52.32,47.77,37.86,31.48,24.39
3/24/2017 0:00,DA,24,20.66,495.83,15.35,10.33,5.31,6.79,18.21,33.56,42.97,46.9,28.43,13.04,8.09,3,3.59,1.6,2.38,3.03,5.99,16.79,36.66,50.05,44.87,39.46,32.42,27.01
3/25/2017 0:00,DA,24,11.67,279.99,20.34,10.3,4.17,8.81,14.28,21.34,26.37,24.21,3.21,0,-1.57,-7.6,-10.67,-12.63,-12.59,-11.52,-8.07,0.05,28.63,51.19,45.84,38.42,27.13,20.35
3/26/2017 0:00,DA,24,11.65,279.53,9.67,5.18,4.13,7.98,8.66,14.78,25.38,24.85,0.52,0,-0.88,-5.51,-6.9,-12.31,-12.3,-8.59,-0.59,2.09,35.11,54.14,48.07,42.91,25.96,17.2
3/27/2017 0:00,DA,24,16.77,402.4,6.07,2.83,2.67,2.83,5.11,29.2,42.51,46.85,25.15,10.4,0.65,-0.11,-1.03,-2.63,-3.65,-4.69,0.11,12.93,37.6,56.65,47.79,41.54,28.66,14.95
3/28/2017 0:00,DA,24,19.89,477.37,11.35,8.68,6.69,6.94,18.2,33.79,47.85,49.57,20.91,5.8,0.09,0.03,0.24,0.4,0.39,0.68,1.66,16.33,41.22,56.66,49.24,41.77,32.96,25.94
3/29/2017 0:00,DA,24,21.02,504.49,18.61,10.72,8.85,8.37,21.71,34.36,46.55,50.2,24.67,5.94,0.88,0.99,1,1.93,2.84,3.89,9.55,19.45,37.4,55.52,51.92,38.52,28.5,22.11
3/30/2017 0:00,DA,24,14.99,359.77,6.81,4.38,1.82,2.05,8.46,27.03,40.1,45.06,15.51,0.18,-1.14,-2.24,-5.4,-3.76,-5.44,-5.05,-0.77,9.96,36.75,54.12,50.38,39.23,27.76,13.95
3/31/2017 0:00,DA,24,15.93,382.43,4.57,1.67,1.17,1.32,3.17,25.23,40.41,41.96,11.97,0.04,0.01,0.01,0.01,0.12,0.01,0.01,1.3,11.25,32.95,52.94,47.66,40.83,34.78,29.03
4/1/2017 0:00,DA,24,20.01,480.3,18.41,24.02,16.35,17.05,23.86,29.94,38.49,31.83,4.86,0.01,0.01,-0.02,-1.84,-1.1,-0.02,0,0.41,15.6,39.61,63.83,49.82,46.24,35.01,27.94
4/2/2017 0:00,DA,24,11.78,282.62,24.65,16.13,8.78,9.55,18.86,27.91,34.02,12.36,0,-6.77,-9.1,-12.92,-11.14,-11.94,-9.9,-9.66,-4.16,0.01,29.88,54.38,46.28,36.01,26.91,12.48
4/3/2017 0:00,DA,24,17.01,408.25,2.03,1.02,0.54,1.03,8.14,26.13,43.98,49.97,21.17,0.02,0.01,-0.11,-2.78,-3.24,-2.86,-0.03,0.01,15.93,37.34,62.46,53.73,42.83,29.52,21.4
4/4/2017 0:00,DA,24,24.29,582.9,12.28,12.12,12.09,12.1,15.78,31.25,53.24,52.68,25.54,15.5,4.62,1.26,1.05,1.06,3.16,5.26,16.25,26.84,44.61,73.13,56.16,45.29,33.71,27.95
4/5/2017 0:00,DA,24,28.37,680.84,19.48,19.37,17.16,18.02,27.05,35.86,50.92,45.75,26.97,19.57,14.19,9.69,8.18,10.77,18.07,19.92,21.17,27.34,42.69,71.3,54.41,42.56,34.37,26.04
4/6/2017 0:00,DA,24,29.52,708.52,19.82,19.49,16.9,17.73,27.58,37.51,55.66,48.71,28.92,20.12,18.38,15.95,11.12,13.82,16.11,19.38,24.72,29.46,45.17,69.35,52.94,41.66,31.6,26.42
4/7/2017 0:00,DA,24,30.96,743.14,24.08,21.64,18.29,17.93,26.19,37.22,53.43,47.5,33.65,27.19,23.98,21.62,15.72,15.62,15.75,17.02,29.19,30.43,45.19,59.28,54.47,44.6,34.57,28.59
4/8/2017 0:00,DA,24,19.29,462.99,28.36,25.59,20.22,20.2,25.24,32.82,37.13,29.37,19.71,6.15,0.82,0,-5.62,-7.9,-10.25,-7.6,0,2.04,35.69,58.21,52.18,42.36,34.07,24.2
4/9/2017 0:00,DA,24,17.82,427.6,18.99,12.51,12.57,16.76,19.98,34,45.83,28.7,6.12,1.57,0,-2.01,-6.04,-7.8,-7.12,-6.06,-0.51,5.21,37.56,56.96,56.2,45.78,33.7,24.68
4/10/2017 0:00,DA,24,28.16,675.86,21.88,12.21,10.12,11.42,20.23,39.45,53.39,48.39,28.74,20.21,19.58,13.55,12.93,8.69,9.22,9.19,15.62,21.63,41.9,72.93,60.73,48.85,41.28,33.72
4/11/2017 0:00,DA,24,32.04,768.9,28.92,25.62,22.03,21.15,27.19,49.41,63.3,51.5,34.27,30.95,28.54,18.97,13.53,7.87,10.17,7.31,17.78,24.39,45.26,76.93,53.98,47.01,34.64,28.17
4/12/2017 0:00,DA,24,31.31,751.34,21.65,27.6,26.58,26.66,29.16,41.11,48.42,46.52,31.05,22.81,19.68,16.38,12.84,8.67,12.02,12.06,17.87,22.29,46.5,78.56,58.71,46.84,43.55,33.82
4/13/2017 0:00,DA,24,24.15,579.67,25.28,24.79,22.89,23.35,30.45,37.95,47.93,43.93,27.91,18.45,6.89,3.01,0.01,0.01,0.01,0.01,1.65,14.93,39.89,56.6,52.45,45.75,33.51,22.01
4/14/2017 0:00,DA,24,19.25,461.92,9.46,5.83,2.58,5.2,17.78,28.18,42.4,38.74,20.02,1.78,0.01,0,0.01,0.01,0,0,0.01,15.31,43.12,65.43,55.88,45.92,36.01,28.25
4/15/2017 0:00,DA,24,29.52,708.48,37.53,37.65,35.44,40.58,41.27,48.33,42.61,30.79,19.39,8.83,0.03,0.01,0.02,0.01,0.01,0.03,5.14,20.66,50.48,78.5,71.84,50.08,46.52,42.74
4/16/2017 0:00,DA,24,22.88,549.07,29.64,28.57,27.24,28.45,30.68,34.75,33.17,20.95,10.87,1.07,0.01,-1,-1.74,-4.41,-2.06,-1.03,4,20.06,45.17,66.88,57.19,49.08,39.31,32.2
4/17/2017 0:00,DA,24,33.85,812.38,25.06,25.81,25.25,24.94,29.2,40.39,48.75,49.76,37.12,32.24,28.69,23.03,20.07,15.91,18.21,19.24,21.9,31.07,44.11,78.51,61.97,46.7,35.2,29.27
4/18/2017 0:00,DA,24,31.1,746.48,19.49,21.79,21.24,22.06,25.08,35.89,46.51,48.2,36.56,32.15,27.75,21.65,20.04,18.6,15.4,14.16,19.87,27.34,42.33,65.49,55.99,46.53,33.36,28.97
4/19/2017 0:00,DA,24,28.68,688.37,25.73,23.93,19.86,21.21,25.18,36.59,53.35,43.53,25.54,21.29,12.29,14.06,8.81,5.81,5.82,8.01,14.1,22.44,46.35,80.88,63.15,48.88,34.88,26.68
4/20/2017 0:00,DA,24,27.45,658.8,22.89,19.96,16.93,11.88,21.57,36.01,53.58,40.6,19.19,10.42,5.87,6.35,4.41,6.62,7.25,9.17,13.33,26.11,49.5,84.17,71.02,50.52,38.82,32.63
4/21/2017 0:00,DA,24,37.04,889.02,25.45,23.54,23.25,24.98,28.85,42.38,50.32,38.28,20.03,15.36,14.75,14.78,17.88,24.86,30.15,32.95,38.37,44.12,57.22,111.35,79.01,51.23,43.21,36.71
4/22/2017 0:00,DA,24,31.27,750.57,27.68,28.5,28.46,28.02,30.19,39,37.8,21.02,6.41,3.69,4.61,9.03,15.32,19.62,25.14,33.2,29.19,40.14,54.58,94.66,66.25,47.15,32.64,28.28
4/23/2017 0:00,DA,24,18.36,440.74,20.19,26.18,26.19,24.19,26.13,25.55,24.53,5.18,0,-5.9,-5.93,-5.92,-4.98,-2,0,0.04,2.01,8.63,45.99,77.3,56.2,46.09,31.7,19.37
4/24/2017 0:00,DA,24,24.95,598.79,13.29,11.27,8.42,8.55,12.04,32.4,44.86,36.6,19.32,15.23,14.13,12.56,5.52,12.71,15.33,14.2,17.81,26.07,43.96,76.85,56.83,43.83,30.72,26.3
4/25/2017 0:00,DA,24,31.88,765.08,27.53,24.18,19.09,17.68,26.1,36.1,48.02,36.89,20.96,18.63,27.35,26.02,18.86,27.72,27.08,19.22,41.72,33.66,42.28,62.77,58.18,45.11,32.47,27.47
4/26/2017 0:00,DA,24,23.28,558.81,21.63,13.75,11.6,11.98,21.27,33.47,43.64,34.28,18.68,8.04,8.3,7.6,6.33,8.32,9.46,10.4,13.27,21.54,39.8,54.66,58.81,45.46,30.73,25.77
4/27/2017 0:00,DA,24,26.64,639.3,24.78,18.35,13.74,13.47,23.66,36,44.73,41.25,23.27,15.38,12.53,8.84,6.32,9.5,13.03,14.61,24.82,28.39,40.37,60.87,62.4,46.67,30.64,25.64
4/28/2017 0:00,DA,24,25.82,619.61,25.79,23.94,21.38,22.8,26.6,36.34,43.62,35.77,21.76,12.65,12.7,5.45,3.7,4.3,6.34,7.93,12.49,20.15,38.96,63.06,60.77,47.06,36.11,29.96
4/29/2017 0:00,DA,24,23.25,557.97,27.07,27.3,25.95,25.46,30.38,34.67,36.02,21.14,4.64,1.14,0.66,0.38,0.63,0.64,2.03,6.9,12.6,22.41,44.97,65.08,56.94,46.06,36.17,28.74
4/30/2017 0:00,DA,24,21.71,521.06,30.16,30.06,27.51,29.75,34.36,41.09,33.99,14.37,0,-0.13,-0.17,0,0,0,0.01,0.01,1.17,9.72,41.99,58.46,57.46,46,37.21,28.04
5/1/2017 0:00,DA,24,32.35,776.4,27.26,24.54,12.15,17.72,27.23,39.26,51.08,39.99,25.05,17.12,12.76,16.57,17.7,27.85,28.91,28.55,28.72,30.58,47.28,71.2,66.93,48.44,36.02,33.5
5/2/2017 0:00,DA,24,39.3,943.29,30.98,27.15,23.07,23.54,27.25,38.18,48.48,39.32,27.76,24.35,22.15,23.32,25.58,33.05,37.64,39.19,59.55,41.61,52.76,90.44,80.78,50.96,41.64,34.55
5/3/2017 0:00,DA,24,42.37,"1,016.82",28.03,26.21,24.14,23.9,27.25,35.64,43.04,34.23,25.71,23.85,24.35,27.95,34.09,37.72,37.91,45.71,47.82,52.48,72.9,115.61,97.69,51.83,42.93,35.83
5/4/2017 0:00,DA,24,42.34,"1,016.10",32.8,28.05,26.55,25.73,28.04,34.81,42.94,34.96,29.82,27.62,30.34,36.12,38.07,41.52,43.88,45.39,46.55,49.13,61.18,103.25,88.23,48.9,38.31,33.87
5/5/2017 0:00,DA,24,34.69,832.55,32.15,28.93,26.39,25.83,27.06,38.52,42.76,35.62,25.35,24.71,22.53,22.33,23.47,25.29,28.92,31.43,31.35,38.64,50.39,79.74,58.76,46.34,34.62,31.45
5/6/2017 0:00,DA,24,24.15,579.61,22.2,23.77,26.04,25.25,25.37,34.69,31.69,20.67,12.49,10.37,7.02,5.03,5.02,5.17,10.31,15.24,20.22,24.69,40.25,54.95,52.6,44.69,33.44,28.42
5/7/2017 0:00,DA,24,25.48,611.58,27.41,26.17,27.29,28.48,27.35,31.71,31.32,19.94,11.95,11.33,6.3,5.74,5.4,4.11,10.26,12.34,19.84,26.75,42.68,59.59,61.55,47.4,37.87,28.81
5/8/2017 0:00,DA,24,34.21,821.06,27.48,25.12,23.61,25.12,27.46,35.97,48.17,45.62,31.95,28.52,26,24.57,21.61,22.9,24.58,26.45,28.33,32.49,45.83,66.54,67.71,48.84,35.98,30.21
5/9/2017 0:00,DA,24,32.75,785.94,24.1,23.68,22.73,21.58,25.29,34.92,41.94,40.55,28.45,24.65,21.26,21.72,20.44,23.44,26.89,29.8,34.61,33.78,43.51,62.42,70.1,46.12,34.25,29.71
5/10/2017 0:00,DA,24,31.05,745.26,26.2,25.38,23.01,23.43,25.1,35.93,47.04,40.31,27.75,24.97,21.37,20.76,19.5,21.18,20.12,19.45,21.41,30.24,41.89,58.02,57.98,49.29,35.57,29.36
5/11/2017 0:00,DA,24,32.08,769.81,26.61,26.1,23.21,24.94,27.28,38.46,51.71,40.02,27.68,25.61,22,19.8,20.28,21.11,16.11,18.15,21.12,28.83,45.02,58.97,72.15,51.53,34.34,28.78
5/12/2017 0:00,DA,24,25.01,600.33,24.69,22.15,21.87,21.6,27.09,36.58,46.93,33.49,22.29,14.74,13.02,8.54,4.75,5.44,5.2,5.98,7.13,18.51,37.21,52.22,58.73,50.84,33.49,27.83
5/13/2017 0:00,DA,24,17.8,427.09,28.99,27,24.17,23.69,24.18,28.66,28.52,11.67,0.19,0,-1.1,-4.18,-4.8,-3.95,-3.84,-2.04,0.01,5.12,31.8,46.94,57.02,47.75,34.57,26.71
5/14/2017 0:00,DA,24,13.42,321.96,21.04,16.08,14.45,12.61,16.14,18.14,14.63,0.26,-1.06,-5.55,-6.79,-7.88,-8.55,-8.09,-6.59,-4.48,0,5.15,32.32,51.25,60.26,47.83,35.1,25.68
5/15/2017 0:00,DA,24,21.55,517.26,15.14,13.54,7.85,11,18.56,31.72,43.22,31.67,17.48,17.32,5.71,6.19,4.25,3.76,1.47,4.08,7.44,18.49,41.37,49.18,59.58,50.12,34.88,23.24
5/16/2017 0:00,DA,24,25.1,602.48,22.69,18.78,16.21,15.94,19.38,34.56,46.47,42.74,20.39,14.38,7.3,5.1,3.21,3.2,5.18,7.41,13.17,22.37,40.71,56.74,64.38,52.98,39.69,29.49
5/17/2017 0:00,DA,24,24.56,589.39,23.13,21.29,18.48,19.55,20.19,35.65,43.48,38.8,20.74,14.66,7.02,3.51,2.21,2.66,4.65,8.34,13.71,22.4,41.88,51.24,61.8,50.15,36,27.85
5/18/2017 0:00,DA,24,31.25,750.04,21.89,23.8,19.69,23.6,26.39,38.2,47.92,39.46,25.62,22.76,20.13,19.66,20.02,22.27,20.47,19.77,23.82,29.05,42.83,55.92,69.31,50.54,37.29,29.65
5/19/2017 0:00,DA,24,32.78,786.77,29.43,26.57,23.64,22.59,25.13,36.25,40.07,34.56,23.07,18.2,17.85,17.85,19.63,24.43,25.78,29.27,30.42,34.83,50.98,67.73,75.02,47.86,35.42,30.19
5/20/2017 0:00,DA,24,30.74,737.75,27.04,25.67,29.02,26.65,28.8,33.26,30.45,19.16,11.49,11.25,15.71,22.13,16.45,17.51,25,27.79,36.68,36.98,51.33,65.76,64.8,47.64,35.96,31.2
5/21/2017 0:00,DA,24,30.38,729.11,28.2,23.79,23.51,25.62,24.87,28.58,22.44,7.8,6.2,11.2,16.83,7.57,14.45,16.84,30.71,33.85,37.48,41.73,58.7,90.43,70.69,46.72,33.65,27.25
5/22/2017 0:00,DA,24,46.27,"1,110.48",21.17,16.46,18.12,15.8,21.91,32.54,38.83,37.33,30.85,25.67,33.38,32,33.64,39.23,46.87,54.58,68.73,81.26,105.53,141.58,92.07,48.09,39.53,35.3
5/23/2017 0:00,DA,24,39.96,959.1,27.55,20.45,18.95,19.85,25.17,32.8,39.5,35.17,26.8,26.04,28.77,30.72,33.97,36.54,38.65,43.98,49.82,53.14,79.04,106.04,70.87,47.87,35.23,32.17
5/24/2017 0:00,DA,24,30.31,727.45,25.37,22.29,20,19.63,25.31,36.23,39.98,32.06,21.27,16.48,14.48,16.43,18.1,18.78,22.81,27.95,31.13,35.23,50.77,64.83,57.53,47.76,33.89,29.15
5/25/2017 0:00,DA,24,27.65,663.68,20.62,17.59,16.46,16.6,17.99,30.22,41.52,34.77,25.98,19.42,19.11,17.54,17.32,17.53,17.76,19.54,23.49,26.43,43,57.18,56.12,49.61,31.72,26.16
5/26/2017 0:00,DA,24,26.67,640.12,22.29,20.01,18.33,18.21,20.41,34.73,38.87,33.65,22.77,18.34,16.9,15.19,13.26,15.11,16.65,17.41,19.57,23,39.61,52.31,58.3,47.59,31.91,25.68
5/27/2017 0:00,DA,24,20.85,500.47,27.07,24.65,19.94,20.53,24.34,30.35,27.99,12.68,5,5.17,4.17,3.2,3.03,3.01,5.15,7.15,14.84,21.72,33.89,51.43,56.91,41.84,30.33,26.07
5/28/2017 0:00,DA,24,20.92,502.14,20.72,17.94,14.71,17.76,22.97,28.71,18.84,4.08,1.52,1.03,2.17,2.26,2.52,5.21,13.61,17.47,25.16,26.09,41.29,54.93,56.68,46.17,34.11,26.17
5/29/2017 0:00,DA,24,24.94,598.57,24.08,27.07,18.31,20.31,22.76,21.19,18.19,7.47,4.41,5.13,7.18,9.84,13.62,17.08,22.53,27.73,31.84,35.03,46.7,56.43,55.19,44.63,34.17,27.67
5/30/2017 0:00,DA,24,31.22,749.38,18.65,16.76,15.5,15.45,19.57,30.5,35.63,30.63,25.26,26.09,26.36,26.11,27.06,29.34,30.18,30.42,31.32,38.73,47.68,61.38,56.82,44.42,34.1,31.43
5/31/2017 0:00,DA,24,28.79,690.96,19.09,17.28,12.17,13.63,17.43,28.94,36.04,33.2,27.26,22.33,28.74,25.87,24.26,23.9,25.94,25.96,29.39,33.14,39.65,50.34,54.39,42.88,31.57,27.58
6/1/2017 0:00,DA,24,27.2,652.78,20.78,18.3,14.92,15.01,19.49,33.33,38.62,31.54,22.47,20.29,20.88,19.31,17.85,19.91,20.23,20.35,23.7,26.07,36.39,49.65,58.73,45.84,32.49,26.61
6/2/2017 0:00,DA,24,31.15,747.49,23.53,21,17.08,16.86,23,33.04,37.74,32.6,25.26,21.62,19.19,20.66,24.83,27.24,30.48,31.72,35.62,36.78,46.99,56.15,55.53,43.56,34.82,32.17
6/3/2017 0:00,DA,24,27.14,651.34,27.78,25.78,28.67,27.7,27.18,33.13,26.84,14.77,7.96,6.36,10.7,13.52,15.59,20.23,24.39,27.36,29.26,32.83,43.91,49.74,51.06,44.67,33.38,28.54
6/4/2017 0:00,DA,24,26.3,631.3,31.65,26.3,25.14,44.48,28.68,29.96,24.89,10.59,2.23,1.98,3,5.31,8.39,17.86,22.48,25.42,26.52,32.64,44.27,68.7,46.53,43.88,33.07,27.34
6/5/2017 0:00,DA,24,29.57,709.57,10.98,12.63,13.81,15.01,20.22,29,31.92,26.64,22.6,21.59,25.79,26.37,27.97,29.78,32.33,33.6,35.94,36.67,46.87,59.06,49.58,41.34,31.44,28.43
6/6/2017 0:00,DA,24,31.76,762.17,20.93,21.76,22.24,20.04,24.22,33.28,35.38,30.79,27.78,26.38,25.91,26.26,27.06,28.79,30.98,31.41,34.96,35.97,47.39,56.52,51.58,41.11,33.73,27.72
6/7/2017 0:00,DA,24,31.21,749.03,21.06,19.83,18.7,18.17,22.14,28.3,32.33,30.2,27.57,26.66,26.94,27.83,28.76,29.52,31.57,31.71,33.08,35.16,45.23,52.48,54.21,43.61,33.79,30.18
6/8/2017 0:00,DA,24,28.92,693.98,24.84,24.47,23.79,24.14,26.08,35.09,39.36,30.8,23.23,19.27,19.55,21.13,19.76,20.89,21.11,21.16,26.09,27.48,36.97,47.99,53.1,45.84,33.17,28.65
6/9/2017 0:00,DA,24,25.47,611.25,21.87,20.16,18.15,17.57,21.37,30.36,35.23,33.99,25.64,20.11,17.64,14.78,13.23,12.99,13.12,15.71,21.49,24.68,33.63,44.55,50.61,43.19,33.22,27.95
6/10/2017 0:00,DA,24,14.49,347.86,20.47,18.54,16.39,15.47,17.54,22.52,14.34,9.9,3.07,1.03,0.01,0,-0.15,-0.47,0,0,0.13,5.21,22.97,40.48,46.63,38.59,30.57,24.63
6/11/2017 0:00,DA,24,9.14,219.41,16.46,11.62,11.25,10.62,8.36,10.35,2.6,0,-1.03,-3.93,-7.03,-9.79,-10.12,-10.84,-9.79,-6.26,0,1.05,19.5,42.65,54.28,39.85,29.5,20.08
6/12/2017 0:00,DA,24,17.24,413.83,16.73,10.35,9.2,8.79,14.4,22.79,28.61,26.79,10.31,4.85,4.07,1.95,0.49,1.51,2.6,5.25,6.59,10.53,28.15,43.31,52.95,45.39,32.5,25.72
6/13/2017 0:00,DA,24,25.56,613.51,20.51,17.42,14.34,14.36,22.79,31.9,34.57,27.96,17.31,16.27,18.11,15.85,12.96,19.04,16.36,20.54,24.87,25.65,35.77,48.53,55.95,45.47,30.75,26.24
6/14/2017 0:00,DA,24,28.29,678.9,26.75,22.86,19.56,18.76,26.43,29.91,33.14,22.01,14.37,13.33,16.54,19.32,22.65,27.07,31.6,28.05,30.57,29.58,41.33,52.31,51.49,42.33,31.53,27.4
6/15/2017 0:00,DA,24,30.13,723.04,24.5,21.91,21.1,18.92,24.26,28.84,29.95,19.76,15.83,16.68,22.06,25.52,26.79,30.71,33.66,34.48,35.57,35.58,44.71,52.41,55.67,42.6,32.55,28.99
6/16/2017 0:00,DA,24,35.73,857.63,22.63,19.59,19.14,17.67,22.66,27.36,28.88,25.76,24.98,27.97,32.78,31.98,39.42,43.88,44.05,44.62,46.32,47.05,55.36,67.98,57.78,43.06,35.23,31.5
6/17/2017 0:00,DA,24,33.2,796.88,31.31,27.41,27.62,26.4,26.43,26.93,19.53,14.08,14.03,15.85,24.58,31.46,32.79,35.34,35.99,38.68,41.96,42.83,53.72,67.18,53.98,42.52,35.27,30.98
6/18/2017 0:00,DA,24,36.13,867.13,32.03,29.33,28.51,29.79,29.64,29.12,22.09,9.24,8.24,10.4,25.28,30.34,33.5,35.96,39.94,46.64,51.06,55.81,69.71,74.52,58.89,45.31,37.34,34.45
6/19/2017 0:00,DA,24,46.59,"1,118.13",29.88,25.33,24.59,23.25,24.87,28.15,32.09,32.25,34.59,35.04,36.29,39.45,42.46,49.49,56.45,65.63,72.19,77.09,89.61,100.51,71.58,51.63,39.76,35.94
6/20/2017 0:00,DA,24,52.66,"1,263.90",32.08,27.86,25.46,21.72,24.07,29.88,30.97,31.03,31.27,36.24,36.99,42.16,45.91,51.02,60.95,71.82,94.31,96.61,112.85,128.67,92.72,57.53,43.76,38.03
6/21/2017 0:00,DA,24,106.51,"2,556.15",32.77,29.63,27.2,25.41,26.38,31.16,32.79,30.82,31.32,35.46,38.52,45.28,51.12,57.27,74.43,103.85,243.69,280.39,383.91,600.38,219.66,64.72,48.22,41.78
6/22/2017 0:00,DA,24,55.33,"1,328.03",32.91,30.26,28.31,26,27.04,30.28,32.49,31.42,29.24,33.91,37.4,41.35,47.46,54.97,61.88,69.27,85.21,104.68,139.57,175.87,75.41,54.14,41.3,37.66
6/23/2017 0:00,DA,24,39.27,942.48,32.2,28.03,27.41,26.14,26.5,29.91,32.5,31.43,28.49,30.49,33.31,35.42,35.74,41.39,42.55,47.86,51.61,52.91,66.15,71.71,52.69,47.78,36.99,33.28
6/24/2017 0:00,DA,24,35.67,856.15,28.78,25.8,25.77,29.02,28.62,29.63,27.11,21.53,21.58,23.76,28.55,32.02,34.52,35.9,36.96,39,44,47.41,53.32,71.9,51.88,46.97,38.01,34.12
6/25/2017 0:00,DA,24,34.83,835.96,33.86,30.97,31.81,30.85,31.42,31.52,25.29,14.56,6.09,12.37,23.13,29.25,30.39,35.57,36.26,39.45,44.42,48.38,54.57,81.34,54.59,44.08,34.76,31.02
6/26/2017 0:00,DA,24,37.18,892.23,28.01,22.98,21.87,21.33,23.51,28.15,35.13,30.94,26.13,25.63,34.39,38.47,39.61,41.81,44.51,45.55,44.72,46.52,54.22,73.91,52.5,46.14,35.07,31.14
6/27/2017 0:00,DA,24,32.26,774.23,29.13,25.51,24.39,23.56,24.71,28.7,32.07,29.11,23.89,22.58,25.05,26.15,27.86,31.28,34.92,35.59,37.55,38.59,46.61,55.16,48.87,40.8,33.25,28.91
6/28/2017 0:00,DA,24,30.37,728.79,26.83,23.92,21.63,22.01,23.41,26.54,27.74,25.7,19.22,18.91,22.86,23.85,26.16,29.72,32.47,31.46,35.36,36.38,45.97,59.95,47.94,39.3,31.73,29.72
6/29/2017 0:00,DA,24,30.54,733.03,33.15,25.56,24.3,22.52,25.33,29.41,28.35,22.82,23.34,20.72,22.36,22.87,24.7,27.97,30.73,34.01,33.92,35.28,41.65,56.25,46.63,37.66,33.33,30.15
6/30/2017 0:00,DA,24,30.68,736.3,26.5,24.07,22.88,21.56,24.18,28.86,26.89,23.03,21.78,22.87,24.11,28.59,27.69,30.93,33.97,33.39,35.62,36.18,41.85,54.91,47.04,37.08,32.74,29.57
7/1/2017 0:00,DA,24,28.14,675.3,31.94,26.23,29.22,25.95,25.67,27.02,21.71,14.11,10.43,13.31,14.16,18.34,20.7,23.59,26.45,28.32,31.31,34.77,40.8,51.72,50.37,43.29,34.79,31.08
7/2/2017 0:00,DA,24,26.82,643.59,28.86,25.32,27.62,26.23,26.41,26.55,22.48,11.88,9.65,9.71,12.03,13.03,16.88,20.28,23.5,27.84,29.79,33.27,40.48,51.96,52.35,44.58,33.84,29.03
7/3/2017 0:00,DA,24,30.48,731.41,26.79,25.16,25.22,24.87,25.41,33.34,34.88,24.07,17.79,18.15,19.24,22.1,22.16,26.24,29.45,30.82,33.49,37.4,45.35,54.75,51.34,42.35,31.26,29.76
7/4/2017 0:00,DA,24,29.44,706.68,31.87,29,29.53,26.93,27.97,28.86,22.89,16.79,11.3,15.23,16.52,21.22,23.05,26.52,29.82,31.92,35.29,36.69,44.53,55.42,45.47,38.09,32.44,29.33
7/5/2017 0:00,DA,24,38.07,913.6,30.97,28.68,25.98,24.87,25.65,28.51,34.53,32,26.94,29.59,33.07,34.88,35.5,37.05,40.47,44.23,48.86,51.23,56.16,79.56,53.38,45.16,35.14,31.2
7/6/2017 0:00,DA,24,40,960.03,30.5,27.94,26.47,25.7,25.69,27.03,32.28,31.29,27.13,30.45,35.31,38.15,38.81,41.54,45.42,49.11,52.6,54.45,68.57,77.68,55.3,46.61,38.07,33.93
7/7/2017 0:00,DA,24,51.43,"1,234.33",32.85,29.48,27.57,27.47,27.57,29.3,35.08,33.64,32.34,35.01,38.24,43.65,47.51,52.39,57.15,62.86,72.75,88.36,119.78,139,65.2,53.44,43.76,39.92
7/8/2017 0:00,DA,24,44.16,"1,059.90",37.95,34,32.7,30.69,29.74,28.97,30.36,26.67,25.76,30.9,34.94,38.65,41.68,46.01,49.83,52.92,56.31,65.63,85.35,98.51,55.26,48.65,41.33,37.11
7/9/2017 0:00,DA,24,38.94,934.61,38.03,34.45,33.05,30.86,29.93,29.92,27.1,21.58,20.16,22.74,28.79,31.93,37.11,40.72,41.61,47.7,50.6,54.85,61.29,78.76,54.74,47.47,37.82,33.42
7/10/2017 0:00,DA,24,40.36,968.67,32.07,28.92,27.77,26.66,26.69,28.51,32.42,32.28,30.08,31.34,33.99,35.65,37.08,40.63,46.05,48.62,52.05,53.95,72.09,80.16,56.82,45.07,35.44,34.35
7/11/2017 0:00,DA,24,37.53,900.67,31.41,28.93,28.8,26.48,26.88,29.68,32.06,32.64,30.07,30.09,34.83,36.08,36.51,39.1,40.46,42.29,47.99,48.11,53.97,60.64,50.58,43.44,35.24,34.36
7/12/2017 0:00,DA,24,38.08,913.94,30.78,27.9,27.11,26.15,26.31,28.54,30.77,31.21,27.52,28.77,30.81,33.98,37.69,40.5,41.87,46.58,48.14,52.16,56.69,70.91,53.97,44.43,36.89,34.24
7/13/2017 0:00,DA,24,37.25,893.96,29.59,26.07,25.46,24.25,25.45,29.07,31.46,30.68,28.26,26.86,28.92,33.46,36.07,40.85,41.38,45.27,47.98,51.09,56.65,67.49,53.56,44.45,36.29,33.32
7/14/2017 0:00,DA,24,39.41,945.78,29.73,27.38,27.39,26.69,27.12,29.82,31.64,31.43,28.66,30.87,31.6,35.66,36.81,41.23,46.87,49.54,51.24,53.37,62.16,73.44,54.06,46.73,38.05,34.32
7/15/2017 0:00,DA,24,39.48,947.61,33.85,29.19,29.64,27.57,26.59,27.2,26.55,23.59,23.84,27.58,31.4,35.64,38.76,40.73,45.57,49.19,51.53,56.73,66.35,82.37,54.46,46.53,38.6,34.15
7/16/2017 0:00,DA,24,39.51,948.21,33.03,29.36,29.63,29.09,28.27,28.52,25.85,21.46,20.35,24.12,28.69,33.74,37.28,40.12,45.25,48.97,51.6,55.06,71.67,90.59,55.16,47.62,38.21,34.57
7/17/2017 0:00,DA,24,39.52,948.42,29.62,26.47,25.51,24.61,25.59,28.28,31.61,32.04,29.95,30.06,32.71,39.73,40.68,41.45,49.12,46.99,49.48,54.9,60.71,75.99,56.08,46.17,36.92,33.77
7/18/2017 0:00,DA,24,37.29,895.04,31.64,28.77,29.56,27.62,28,31.04,33.97,32.65,29.96,28.78,31.88,33.97,34.92,36.42,39.51,41.93,45.05,48.01,53.31,62.17,52.05,43.56,37.07,33.22
7/19/2017 0:00,DA,24,37.06,889.34,29.88,26.57,26.26,25.18,25.12,28.29,29.88,29.64,29.27,28.67,30.1,32.5,35.54,37.86,40.86,42.08,46.12,48.81,58.32,67.78,53.89,46.29,37.26,33.19
7/20/2017 0:00,DA,24,37.15,891.61,30.47,28.16,26.36,25.41,25.28,28.68,30.64,30.47,27.97,28.14,29.52,32.04,35.73,38.3,41.43,41.84,45.21,48.84,55.67,68.44,54.03,48.07,37.37,33.56
7/21/2017 0:00,DA,24,38.26,918.23,30.42,27.84,26.1,25.41,26.05,29.18,30.69,30.99,29.45,29.55,31.23,34.54,36.86,41.19,42.09,46.61,47.86,49.8,58.48,66.83,55.44,49.01,38.59,34.03
7/22/2017 0:00,DA,24,38.24,917.82,32.7,30.06,28.72,27.62,27.51,28.93,28.68,26.37,26.07,26.47,28.26,30.22,35.35,38.1,41.46,44.3,49.95,54.22,60.11,74.63,55.25,48.21,39.29,35.34
7/23/2017 0:00,DA,24,37.78,906.83,34.71,32.63,32.46,31.72,30.86,30.71,28.89,26.45,21.88,23.66,27.88,28.81,32.35,35.89,39.87,42.51,46.45,52.29,63.68,74.49,54.42,44.2,36.02,34
7/24/2017 0:00,DA,24,41.57,997.71,34.1,30.3,29,28.29,28.81,32.77,37.8,37.91,37.11,37.73,38.28,39,39.18,41.15,46.52,50.48,51.35,54.14,57.6,69.16,56.28,47.16,38.08,35.51
7/25/2017 0:00,DA,24,40.71,976.94,37.19,33.27,31.06,29.66,30.13,33.22,38.32,37.17,34.95,33.26,35.61,37.18,38.61,41.9,43.76,46.53,49.23,51.04,54.7,61.53,54.46,47.58,39.85,36.72
7/26/2017 0:00,DA,24,38.52,924.57,29.65,28.91,27.97,28,28.03,29.4,34.66,34.52,31.14,30.03,31.47,33.86,35.4,41.07,42.14,45.81,49.51,52.98,54.98,64.85,54.17,45.43,36.48,34.1
7/27/2017 0:00,DA,24,40.7,976.9,29.6,27.74,28.01,27.12,27.88,30.98,34.52,33.65,29.71,29.86,31.18,34.44,38.47,42.83,47.03,48.05,53.8,58.86,78.7,70.94,54.19,46.55,38.29,34.5
7/28/2017 0:00,DA,24,38.98,935.57,31.47,28.75,28.69,27.74,28.12,30.23,33.59,33.53,30.44,30.9,32.12,34.07,35.75,39.76,42.35,47.65,52.1,52.79,58.35,64.23,53.87,44.61,39.05,35.38
7/29/2017 0:00,DA,24,35.46,851.07,33.18,29.73,29.34,28.97,28.51,29.16,29.68,28.06,26.06,26.03,29.14,29.69,31.56,35.34,37.87,39.75,41.4,44.44,50.06,59.73,50.19,43.17,35.77,34.23
7/30/2017 0:00,DA,24,34.64,831.41,32.16,29.71,29.08,29.23,28.63,29.22,26.83,23.67,22.94,22.48,25.64,27.8,30.36,34.56,38.08,38.35,43,48.22,51.02,60.88,51.21,40.72,35.1,32.51
7/31/2017 0:00,DA,24,45.2,"1,084.90",29.35,28.7,27.93,27.34,27.85,29.31,34.95,35.3,31.82,34.97,36.6,39.41,41.94,48.28,51.57,56.21,61.69,70.19,95.41,95.73,57.62,48.24,39.13,35.37
8/1/2017 0:00,DA,24,92.74,"2,225.74",33.1,31.21,29.12,28.7,29.52,31.83,39.19,39.76,36.57,39.43,43.23,47.04,51.49,61.2,72.28,115.2,191.17,258.74,412.28,367.89,112.69,64.49,48.56,41.07
8/2/2017 0:00,DA,24,91.56,"2,197.54",36.31,34.18,31.68,31.05,31.13,32.37,39.91,39.49,40.05,43.05,45.82,48.44,52.08,59.99,81.14,114.2,169.03,257.73,376.88,352.48,122.72,65.9,49.52,42.38
8/3/2017 0:00,DA,24,59.52,"1,428.39",37.92,34.97,32.35,31.13,31.56,34.67,39.51,37.93,36.35,41.74,44.85,47.45,50.11,55.07,65.46,78.15,99.66,115.81,148.59,139.69,78.04,55.88,48.25,43.24
8/4/2017 0:00,DA,24,41.37,992.9,33.95,32.96,30.1,29.55,29.56,30.69,36.27,35.62,34.74,34.74,37.18,39.81,38.34,42.7,44.44,50.06,56.53,53.75,60.35,61.44,55.18,46.73,41.24,36.95
8/5/2017 0:00,DA,24,35.94,862.45,32.89,30.47,30.86,29.81,29.08,29.29,30.2,29.47,26.7,27.58,28.23,31.45,34.89,36.15,36.93,40.2,42.81,48.26,49.96,56.58,48.66,42.52,36.12,33.33
8/6/2017 0:00,DA,24,33.13,795.04,30.98,29.78,30.41,29.7,29.62,29.63,29.2,25.67,20.5,20.18,23.02,28.03,28.58,31.04,34.15,35.42,37.48,40.58,47.44,55.14,50.21,41.47,35.17,31.65
8/7/2017 0:00,DA,24,40.85,980.4,29.78,28.7,27.72,27.58,28.52,29.83,35.49,34.32,30.76,30.86,34.3,35.5,39.66,41.78,49.93,57.94,50.3,52.97,62.17,74.55,56.82,49.07,37.67,34.18
8/8/2017 0:00,DA,24,39.31,943.47,29.39,29.23,27.57,27.56,28.1,31.26,35.56,33.07,29.9,30.33,32.95,34.99,37.32,39,42.37,45.98,48.5,52.23,62.5,70.51,53.42,46.26,40.41,35.06
8/9/2017 0:00,DA,24,40.15,963.6,31.23,28.91,28.42,27.77,28.35,29.78,36.61,31.89,29.92,30.07,32.79,36.17,37.53,40.87,45.66,47.29,51.56,53.73,66.99,71.26,55.07,47.19,39.43,35.12
8/10/2017 0:00,DA,24,41.24,989.76,30.28,27.9,27.66,27.17,27.69,29.76,35.25,33.84,30.81,30.11,36.8,38.24,40.63,42.5,48.73,50.79,53.94,56.59,69.55,75.57,55.1,49.34,37.98,33.55
8/11/2017 0:00,DA,24,42.86,"1,028.53",31.54,30.39,29.91,29.19,29.26,31.1,35.14,34.63,31.3,33.37,42.68,40.38,41.93,49.13,51.16,52.72,55.96,58.04,72.57,71.16,54.43,46.12,40.17,36.26
8/12/2017 0:00,DA,24,34.71,832.97,31.99,30.22,29.24,28.08,28,29.11,28.31,26.68,23.85,23.71,25.31,31.79,34.14,36.17,39.13,39.59,41.02,44.5,49.2,58.54,46.55,39.51,36.56,31.75
8/13/2017 0:00,DA,24,31.08,745.84,31.26,28.26,27.38,26.76,26.69,27.33,26.64,22.11,18.15,18.33,18.88,22.23,24.65,28.36,31.6,32.95,35.76,39.18,46.32,56.03,49.75,40.8,35.2,31.23
8/14/2017 0:00,DA,24,34.17,820.14,26.73,25.3,24.46,24.25,25.35,27.57,34.36,29.88,22.58,24.61,37.43,33.82,34.79,37.05,36.7,38.37,38.58,40.04,46.72,58.46,47.81,39.32,35.08,30.89
8/15/2017 0:00,DA,24,32.79,786.94,29.08,28.67,27.93,26.69,27.46,29.65,40.83,36.77,24.42,22.53,25.52,24.71,24.46,27.38,29.73,32.21,33.87,36.63,46.44,56.12,49.78,39.95,35.48,30.64
8/16/2017 0:00,DA,24,34.6,830.29,29.29,27.43,26.2,26.01,26.48,28.1,37.87,32.33,26.1,27.49,29.53,30.67,35.49,35.82,35.94,34.12,38.86,39.53,48.95,58.69,49.06,39.99,35.12,31.23
8/17/2017 0:00,DA,24,34.38,825.09,28.27,26.43,26.78,26.35,27,28.82,35.82,32.85,27.14,26.58,27.26,27.59,31.45,34.23,35.32,37.04,41.04,42.52,51.5,57.68,51.23,38.38,33.87,29.94
8/18/2017 0:00,DA,24,36.67,880.07,28.8,27.15,26.69,26.68,26.89,28.8,33.99,32.88,27.88,27.68,33.33,39.3,37.83,40.67,38.02,47.06,44.01,45.64,56.86,59.42,47.23,37.48,34,31.76
8/19/2017 0:00,DA,24,32.85,788.49,29.56,27.08,28.3,27.82,27.96,29.55,29.65,28.45,25.51,23.84,24.77,27.43,28.21,30.07,33.42,35.46,38.45,39.18,48.1,53.91,46.78,38.22,35.05,31.72
8/20/2017 0:00,DA,24,32.4,777.54,33.46,30.84,29.76,29.69,29.51,30.21,30.35,27.66,21.98,18.95,20.24,23.42,25.89,28.4,32.06,33.77,36.22,39.29,46.77,54.86,48.82,39.5,34.56,31.35
8/21/2017 0:00,DA,24,38.28,918.72,31.4,28.86,28.43,28.15,28.2,30.04,36.32,35.89,32.1,37.43,52.86,33.48,29.89,34.47,37.75,40.67,42.81,47.04,57.75,58.72,51.43,44.53,36.36,34.13
8/22/2017 0:00,DA,24,40.93,982.44,34.9,32.58,31.29,30.1,31.96,34.78,40.73,36.32,31.38,34.44,40.19,38.43,40.09,41.93,40.05,52.89,47.5,48.67,58.12,69.08,53.05,44.15,36.45,33.37
8/23/2017 0:00,DA,24,39.08,937.87,31.02,29.01,28.34,27.65,28.57,30.38,36.98,34.25,30.07,32.04,39.72,39.62,40.18,43.36,41.14,54.88,45.93,48.08,56.09,61.4,49.48,41.36,35.35,33
8/24/2017 0:00,DA,24,37.69,904.66,30.58,28.9,28.33,27.88,28.46,31.33,37.15,36.42,30.74,32.19,39.25,38.84,39.17,39.76,40.67,45.37,41.77,43.17,51.89,56.02,48.45,40.62,34.66,33.05
8/25/2017 0:00,DA,24,40.15,963.58,31.64,29.71,28.82,28.43,29.46,32.05,41.83,37.36,30.62,29.5,30.97,33.3,36.78,40.04,43.23,48.56,52.01,51.39,61.56,67.65,52.56,48.9,40.55,36.67
8/26/2017 0:00,DA,24,39.27,942.49,34.33,32.07,30.97,30.34,30.08,31.02,32.88,29.79,27.22,25.63,28.12,30.52,35.02,38.38,41.47,48.14,52.41,54.95,59.69,67.58,53.99,49.14,41.66,37.08
8/27/2017 0:00,DA,24,44.74,"1,073.70",38.04,33.14,32.72,31.27,30.73,31.67,31.06,27.9,23.03,25.26,28.15,33.18,37.27,43.93,50.16,54.52,58.81,65.46,87.85,101.32,70.42,52.44,45.46,39.91
8/28/2017 0:00,DA,24,111.83,"2,683.87",36.83,34.12,31.1,30.51,31.03,34.88,44.32,44.5,38.74,41.97,44.89,49.28,54.06,68.56,114.17,206.8,228.44,340.75,451.66,410.47,182.03,72.65,48.56,43.56
8/29/2017 0:00,DA,24,85.68,"2,056.29",33.84,32.95,31.48,30.9,31.4,33.65,39.87,39.53,34.66,36.41,41.8,48.45,50.59,58.65,82.16,141.21,177.71,248.19,325.74,286.75,105.23,57.58,47.22,40.31
8/30/2017 0:00,DA,24,59.16,"1,419.81",34.23,32.85,31.76,30.65,32,36,41.89,42.26,36.78,37.95,43.21,53.36,56.19,59.35,66.97,84.63,89.56,107.2,153.8,113.03,79.81,61.51,51.41,43.42
8/31/2017 0:00,DA,24,80.55,"1,933.28",36.95,34.19,32.68,31.89,32.6,36.01,45.39,43.09,38.29,39.94,51.45,53.19,55.21,61.73,67.57,91.23,117.3,182.1,319.39,281.63,115.13,67.23,53.31,45.77
9/1/2017 0:00,DA,24,130.69,"3,136.49",37.44,34.75,34.37,33,33.46,35.3,43.47,41.22,40.01,41.31,48.33,51.29,57.43,67.6,93.93,158.64,261.72,399.85,773.3,484.67,190.77,69.51,55.6,49.51
9/2/2017 0:00,DA,24,69.2,"1,660.70",39.33,35.55,35.07,33.96,33.31,34.39,36.19,34.95,31.77,33.68,37.94,43.05,49.17,55.59,62.08,74.86,91.17,140.35,269.47,225.17,105.51,59.95,52.36,45.8
9/3/2017 0:00,DA,24,49.89,"1,197.35",44.17,40.01,37.62,35.07,34.85,34.23,34.82,31.55,30.43,30.5,36.06,40.73,47.97,50.5,55.27,59.2,65.86,71.34,112.72,92.44,65.78,54.28,48.78,43.18
9/4/2017 0:00,DA,24,46.11,"1,106.73",39.7,36.73,36.33,34.78,34.53,34.55,36.96,34.91,31.08,31.29,33.92,37.29,41.54,46.07,50.15,55.1,57.71,64.39,87.41,77.07,62.71,54.59,47.21,40.7
9/5/2017 0:00,DA,24,50.68,"1,216.38",34.82,33.15,31.37,31.21,31.51,34.72,43.03,43.25,36.73,44.23,45.6,47.14,54.49,54.26,57.86,58.82,63.38,75.33,105.27,89.66,62.37,54.81,43.7,39.68
9/6/2017 0:00,DA,24,41.82,"1,003.76",32.07,30.41,29.37,28.72,29.41,32.36,39.05,38.77,34.21,33.7,36.87,39.41,39.15,43.55,45.87,48.7,53.44,57.28,72.72,63.68,54.12,44.96,39.47,36.48
9/7/2017 0:00,DA,24,40.93,982.33,33.98,31.14,28.93,27.89,29.78,35.15,40.98,42.53,34.83,32.06,37.31,39.38,39.75,41.41,42.29,46.42,48.61,54.01,66.32,56.62,52.51,45.11,40.02,35.28
9/8/2017 0:00,DA,24,38.84,932.15,31.91,29.29,27.97,27.82,28.56,32.9,39.33,40.54,32.06,28.55,32.7,34.87,38.3,40.43,40.66,41.28,45.95,52.81,62.68,55.4,52.01,45.68,37.73,32.72
9/9/2017 0:00,DA,24,34.17,820.04,31.36,30.05,30.15,29.02,30.64,32.78,31.78,30.42,25.3,22.22,22.9,24.9,27.56,30.33,32.83,35.38,38.15,42.97,53.43,61.59,47.16,40.98,35.79,32.35
9/10/2017 0:00,DA,24,37.36,896.73,32.42,31.41,29.44,28.98,28.96,29.14,29.02,28.15,22.7,21.66,22.78,25.72,28.56,32.51,34.64,40.63,45.01,54.66,84.69,76.3,53.18,44.79,37.74,33.63
9/11/2017 0:00,DA,24,45.45,"1,090.78",31.29,28.79,28.12,27.87,28.21,29.72,35.76,37.24,32.53,33.51,35.18,37.12,38.19,43.4,47.8,50.87,53.49,80.57,121,90.12,56.65,46.85,40.86,35.65
9/12/2017 0:00,DA,24,42.05,"1,009.26",34.53,31.79,29.33,28.34,28.99,32.89,39.06,38.55,32.09,33.47,34.37,35.33,39.99,41.01,43.37,47.26,49.62,58.21,88.93,67.77,51.47,46.86,40.85,35.18
9/13/2017 0:00,DA,24,38.29,918.86,31.82,28.87,27.54,26.9,27.72,31.53,40.83,41.39,29.94,29.54,31.64,34.08,35.11,39.37,36.55,40.94,40.39,52.4,65.25,62.99,54.2,41.91,35.28,32.67
9/14/2017 0:00,DA,24,33.86,812.7,29.71,27.94,26.42,26.01,26.36,31,44.44,42.89,28.26,24.79,27.09,28.9,28.42,30.86,28.13,29.44,29.74,36.45,51.64,59.03,51.57,36.79,34.91,31.9
9/15/2017 0:00,DA,24,30.92,742.02,26.07,25.7,26.32,25.2,27.29,30.44,41.31,38.32,24.78,20.41,24.42,23.72,20.72,22.15,22.85,24.75,28.14,35.38,52.6,56,45.64,36.05,33.01,30.76
9/16/2017 0:00,DA,24,31.69,760.58,33.19,28.79,29.76,29.37,29.73,32.75,34.89,31.36,22.66,19.01,17.38,19.87,20.66,23.98,25.82,28.31,31.03,40.52,51.21,61.14,47.34,36.69,34.83,30.3
9/17/2017 0:00,DA,24,29.07,697.58,29.22,27.67,30.11,29.15,28.11,29.14,29.91,26.35,18.79,15.02,14.14,16.07,18.39,19.26,20.62,26.29,27.9,37.05,51.1,55.96,47.83,36.6,32.52,30.38
9/18/2017 0:00,DA,24,33.02,792.5,26.61,26.11,25.81,25.68,26.14,29.31,39.78,37.55,26.47,22.72,26.19,29.18,30.65,32.17,32.26,26.99,28.13,37.48,50.66,61.56,50.16,36.57,33.45,30.85
9/19/2017 0:00,DA,24,35.3,847.09,27.06,27.77,26.69,25.87,26.91,32.77,44.39,35.57,25.81,25.89,30.7,31.92,34.33,34.43,37.74,37.19,39.8,41.02,49.87,56.96,50.28,38.65,35.18,30.31
9/20/2017 0:00,DA,24,33.31,799.49,27.55,27.83,26.75,26.63,26,31.17,41.64,38.32,26.34,23.54,23.3,28.2,28.38,30.74,33.75,36.27,36.83,34.64,46.57,54.78,47.1,38.87,34.8,29.51
9/21/2017 0:00,DA,24,32.54,780.9,28.39,27.82,26.9,26.69,27.81,30.82,43.74,44.97,30.13,26.94,25.61,25.89,25.8,25.57,24.96,27.66,27.53,33.11,45.05,56.31,49.97,37.71,32.35,29.16
9/22/2017 0:00,DA,24,32.03,768.67,28.2,27.81,27.15,26.63,27.9,32.56,42.55,40.42,30.06,26.56,22.8,22.41,26.08,26.73,26.7,26.34,26.66,31.28,41.61,56.53,46.26,38.98,34.51,31.95
9/23/2017 0:00,DA,24,26.98,647.64,28.9,27.58,29.7,29,29.31,31.09,30.01,28.03,22.87,15.33,6.68,8.31,10.29,14.1,15.9,19.79,24.19,29.32,42.3,53.64,45.93,38.57,34.94,31.89
9/24/2017 0:00,DA,24,25.42,610.2,28.59,27.82,29,29.09,28.93,31.61,31.17,27.96,16.54,0.83,0.38,0.64,1.67,4.56,13.15,19.7,25.9,35.09,47.35,59.59,46.96,39.31,34.99,29.36
9/25/2017 0:00,DA,24,34,816.1,28.67,28.69,27.85,27.54,27.99,31.99,36.53,35.64,27.99,21.18,21.34,23.03,28.13,28.17,29.84,31.23,35.46,41.91,59.83,67.24,50.43,39.5,35.01,30.91
9/26/2017 0:00,DA,24,38.19,916.59,31.73,29.91,28.48,27.8,27.91,32.1,38.18,37.33,27.73,19.32,24.48,34.46,34.81,39.09,41.68,40.59,41.16,50.54,72.02,72.78,52.21,41.73,35.82,34.75
9/27/2017 0:00,DA,24,37.97,911.16,30.95,29.34,28.46,27.56,28.21,30.5,36.8,35.16,27.74,23.82,26.54,33.12,34.61,39.13,41.98,44.18,44.93,50.83,67.13,74.13,48.8,39.74,35.36,32.14
9/28/2017 0:00,DA,24,37.22,893.35,29.49,28.68,28.19,27.55,27.65,29.37,35.11,34.17,23.17,17.38,24.82,31.03,35.09,38.04,42.62,44.38,46.23,50.21,67.84,71.81,51.56,41.67,34.89,32.41
9/29/2017 0:00,DA,24,34.97,839.28,28.81,28.41,27.73,27.15,27.76,30.59,38.59,35.7,26.42,23.66,25.56,31.13,36.34,36.05,38.07,38.02,36.91,43.35,57.64,58.21,44.4,36.15,32.74,29.91
9/30/2017 0:00,DA,24,29.44,706.66,30.79,29.68,28.6,28.1,27.82,31.35,31.4,29.29,20.53,12.91,12.83,16,17.66,21.35,26.75,27.21,28.65,37.03,49.94,56.25,44.01,36.16,31.92,30.44
10/1/2017 0:00,DA,24,27.24,653.67,27.7,27.39,27.99,27.24,27.99,30.83,30.05,27.77,20.59,6.64,5.06,6.31,12.17,18.37,22.36,24.73,26.42,35.31,49.8,58.65,44.1,36.2,31.99,28.01
10/2/2017 0:00,DA,24,31.92,766.01,26.8,26.8,26.35,26.3,27.13,30.31,38.83,40.23,28.43,23.35,20.82,23.37,24.4,27.76,26.32,26.75,28.19,37.58,51.19,59.69,44.4,38.02,33.23,29.74
10/3/2017 0:00,DA,24,32.43,778.24,28.7,28.15,28.24,27.83,28.33,32.84,41.39,44.49,30.01,23.32,19.67,18.72,22.21,22.95,23.15,26.54,27.72,38.24,51.45,63.18,46.65,38.61,34.98,30.84
10/4/2017 0:00,DA,24,34.61,830.73,28.38,27.92,27.33,27.26,27.94,31.6,42.17,45.9,29.58,26.95,21.54,25.98,28.2,27.59,30.72,29.13,30.15,42.44,57.11,66.95,48.74,40.96,35.23,30.96
10/5/2017 0:00,DA,24,36.05,865.28,29.78,28.29,27.86,27.81,28.25,31.63,41.18,40.48,28.19,26.19,24.77,30.24,32.53,32.61,36.28,35.61,34.79,44.88,60.38,65.22,49.78,41.69,35.35,31.52
10/6/2017 0:00,DA,24,39.36,944.64,29.55,28.28,28.25,27.92,28.56,32,40.99,39.68,29.13,26.71,23.89,32.84,36.29,39.28,44.45,46.24,45.75,53.48,76.12,69.37,51.26,44.22,36.73,33.64
10/7/2017 0:00,DA,24,34.24,821.73,35.01,32,31.01,29.36,30.24,31.86,38.98,32.25,27.12,20.99,20.93,24.45,26.91,27.62,30.18,31.65,35.43,50.6,62.99,57.77,44.64,36.7,33.17,29.89
10/8/2017 0:00,DA,24,28.13,675.23,30.78,30.74,29.68,28.35,28.2,28.99,31.74,30.23,23.8,6.22,7.02,7.68,9.49,15.61,22.93,23.78,26.97,36.58,53.27,56.42,44.99,38.72,33.01,30.03
10/9/2017 0:00,DA,24,37.74,905.86,29.36,28.28,28.28,28.14,28.59,32.51,43.11,46.34,29.77,24.87,24.79,23.96,26.82,28.08,31.97,38.82,39.56,50.39,71.52,73.79,55.87,47.38,38.66,34.97
10/10/2017 0:00,DA,24,39.73,953.4,35.02,30.74,29.36,29.18,30.12,34.96,43.56,45.36,30.79,24.79,22.16,24.39,28.51,33.18,36.59,38.8,40.54,54.55,79.56,79.42,58.25,48.72,39.98,34.87
10/11/2017 0:00,DA,24,34.17,820.14,30.98,29.26,28.28,28.26,28.22,31.96,43.17,46.03,31.36,21.89,16.82,18,22.43,25.09,30.12,27.02,31.22,44.53,62.16,64.36,50.4,43.26,34.43,30.9
10/12/2017 0:00,DA,24,33.4,801.63,29.4,28.49,27.87,27.89,28.3,33.09,42.52,49.07,29.74,24,19.32,20.58,23.96,24.54,24.96,27.31,29.34,41.63,54.15,56,48.93,42.15,35.78,32.6
10/13/2017 0:00,DA,24,34.57,829.57,30.34,28.91,28.96,28.48,29.35,33.53,44.93,44.79,30.84,24.37,21.18,24.2,26.84,29.61,30.81,28.79,35.49,41.88,60.44,56.23,44.34,38.02,34.59,32.63
10/14/2017 0:00,DA,24,37.11,890.57,32.49,29.36,28.07,33.03,33,35.95,37.66,37.71,29.7,22.65,17.68,20.22,24.49,25.32,28.81,36.92,38.3,51.63,71.14,73.12,55.64,49.48,41.87,36.35
10/15/2017 0:00,DA,24,40.82,979.59,37.09,35.14,34.17,31.36,31.08,33.22,35.88,36.64,27.36,22.27,18.81,19.9,25.78,27.21,31.82,37.03,40.06,59.52,96.64,101.17,59.64,51.71,45.12,40.97
10/16/2017 0:00,DA,24,49.81,"1,195.43",33.75,35.24,31.84,30.53,33.47,37.65,42.03,43.61,35,29.69,30.07,36.97,37.56,41.66,44.62,52.81,54.51,82.71,136.82,121.7,66.86,51.71,45.44,39.18
10/17/2017 0:00,DA,24,58.77,"1,410.55",37.37,37.29,32.83,32.32,34.98,38.36,51.98,51.81,37.45,33.42,46.9,60.42,56.75,63.84,65.7,65.8,72.41,101.65,156.48,115.64,71.35,57.82,47.86,40.1
10/18/2017 0:00,DA,24,51.65,"1,239.67",36.11,34.08,31.64,30.86,32.58,37.21,51.76,56.61,39.13,41.76,46.2,53.03,54.57,54.83,58.21,55.48,58.03,77.58,110.28,78.99,65.19,53.63,44.24,37.69
10/19/2017 0:00,DA,24,40.84,980.1,32.06,28.95,28.14,27.59,28.64,32.05,47.6,50.03,34.5,33.9,32.96,39.1,41.97,40.35,43.29,42.54,43.94,48.9,66.69,60.14,53.83,48.64,38.11,36.19
10/20/2017 0:00,DA,24,37.43,898.36,30.22,28.15,27.17,26.69,28.26,30.69,39.9,45.97,38.81,43.41,50.27,31.61,39.29,31.61,32.24,28.12,36.05,41.47,59.6,55.12,44.63,39.43,36.39,33.23
10/21/2017 0:00,DA,24,34.82,835.71,31.49,28.86,28.02,27.74,28.73,33.29,40.72,40.37,32.24,26.03,21.03,18.56,20.35,21.29,24.42,29.72,31.5,48.24,65.23,58.63,53.42,47.43,42.46,35.94
10/22/2017 0:00,DA,24,36.85,884.49,32.69,30.23,30.4,30.24,30.49,33.27,34.88,34.3,29.58,19.2,15.99,17.38,19.5,23.88,27.68,33.28,36.4,56.14,86.92,76.07,55.57,49.35,43.1,37.97
10/23/2017 0:00,DA,24,71.88,"1,725.01",34.04,31.23,29.66,29.08,30.44,36.4,50.5,53.71,38.44,37.41,45.1,50.19,52.43,54.92,58.56,59.46,72.17,181.75,310.57,222.07,89.19,61.04,51.53,45.1
10/24/2017 0:00,DA,24,118.08,"2,833.83",39.09,35.91,33.07,32.21,33.56,41.46,69.68,77.86,50.53,49.58,73.73,94.78,103.14,104.58,107.48,110.2,147.14,348.43,529.76,341.39,147.47,123.62,77.81,61.33
10/25/2017 0:00,DA,24,95.07,"2,281.60",46.14,38.07,35.95,34.41,36.03,44.08,69.87,75.14,44.1,56.68,68.72,73.75,75.42,77.68,81.19,83.2,119.89,283.8,441.48,193.97,96.65,81.66,70.87,52.83
10/26/2017 0:00,DA,24,54.6,"1,310.35",42.76,37.48,35.42,34.6,35.29,38.62,51.06,51.93,37.18,31.14,40.2,45.54,46.87,47.84,50.71,52.77,60.52,105.95,162.02,86.9,65.33,55.62,50.19,44.43
10/27/2017 0:00,DA,24,51.5,"1,236.12",38.54,36.32,34.64,34.21,35.26,36.83,50.35,54.03,38.93,30.62,30.83,41.34,47.61,50.77,52.69,57.28,62.32,81,133.46,74.14,66.37,56.81,49.26,42.51
10/28/2017 0:00,DA,24,38.04,912.89,36.25,34.82,33.97,32.11,33.14,35.41,35.6,35.44,30.88,24.24,21.82,24.34,26.75,29.92,32.62,37.58,44.46,56.41,84.76,54.8,50.3,42.76,38.72,35.8
10/29/2017 0:00,DA,24,33.65,807.72,34.69,32.77,31.16,30.76,31.3,33.02,33.93,33.64,28.26,20.38,14.39,17.48,21.22,24.12,28.13,30.84,36.59,50.34,69.01,51.84,46.48,39.03,35.65,32.68
10/30/2017 0:00,DA,24,35.71,857.13,28.63,28.35,27.63,27.65,28.2,33.62,42.67,50,36.09,29.83,31.25,29.82,26.63,27.18,27.05,27.49,30.09,44.99,62.34,53.97,50.09,40.79,37.74,35.04
10/31/2017 0:00,DA,24,40.6,974.3,31.44,29.24,28.26,28.25,29.55,34.96,45.05,60.1,46.9,37.68,33.45,30.56,29.49,30.99,33.02,33.16,37.5,53.67,79.25,61.51,53.5,49,42.1,35.68
11/1/2017 0:00,DA,24,40.73,977.62,33.72,30.88,29.35,29.32,30.62,35.52,47.07,65.18,47.52,34.83,34.89,36,34.45,33.59,34.31,31.68,33.98,51.26,78.04,55.48,51.46,45.09,38.51,34.88
11/2/2017 0:00,DA,24,40.78,978.61,31.49,29.76,28.4,28.45,29.46,33.62,45.22,62.92,44.78,34.33,37.39,43.43,39.82,40.66,38.26,35.39,33.14,49.18,74.83,52.18,48.9,44.23,38.44,34.33
11/3/2017 0:00,DA,24,41.91,"1,005.95",34.77,31.34,29.32,29.11,29.97,35.89,48.84,65.7,45.96,35.93,36.65,40.44,39.89,39.4,37.69,39.39,36.1,50,72.03,53.89,51.57,46.44,40.48,35.12
11/4/2017 0:00,DA,24,34.72,833.39,35.81,35.58,33.57,33.43,33.4,34.68,35.89,38.83,36,29.94,28.39,24.67,20.87,20.22,20.75,24.2,34.98,41.82,60.62,51.74,46.5,39.43,37.31,34.75
11/5/2017 0:00,DA,25,33.65,841.29,34.62,33.12,31.35,31.31,31.24,33.15,33.5,30.82,27.01,25.3,21.84,21.15,17.46,20.47,22.88,31.18,41.06,51,60.29,50.95,46.07,37.11,39.81,35.93
11/6/2017 0:00,DA,24,43.94,"1,054.57",35.33,31.77,30.8,31.57,34.85,40.41,53.49,47.23,38.33,35.06,38.63,42.08,39.98,39.02,33.46,38.5,53.47,81.41,80.82,54.66,50.72,43,41.91,38.04
11/7/2017 0:00,DA,24,55.21,"1,325.01",45.55,41.94,39.05,37.16,39.39,52.32,66.09,53.46,41.16,36.92,43.56,45.49,44.84,44.93,41.58,40.29,61.72,123.49,131.96,73.09,70.61,58.47,47.29,44.64
11/8/2017 0:00,DA,24,56.23,"1,349.58",43.93,37.1,35.79,34.77,37.18,51.24,67.72,53.1,41.37,35.09,38.98,43.68,45.42,45.29,41.41,50.66,72.84,156.25,130.98,69.13,68.25,57.54,47.81,44.05
11/9/2017 0:00,DA,24,46.66,"1,119.81",30.94,29.81,29.6,29.61,31.67,37.06,47.12,45.4,33.39,38.81,45.97,47.18,50.45,52.78,50.98,53.55,63,93.81,81.26,55.96,50.68,42.74,40.69,37.39
11/10/2017 0:00,DA,24,46.27,"1,110.58",32.36,29.46,29.1,29.46,30.48,38.43,55.77,44.12,39.31,36.58,56.18,56.1,55.83,55.67,55.06,52.6,58.18,73.28,68.01,51.94,44.97,41.44,40.4,35.83
11/11/2017 0:00,DA,24,41.31,991.4,39.49,35.38,32.79,30.32,38.18,40.17,41.36,38.02,35.02,34.12,30.72,28.06,27.85,28,29.65,37.3,57.86,84.47,64.13,55.74,52.89,45.6,43.49,40.79
11/12/2017 0:00,DA,24,38.4,921.68,39.75,39.15,35.76,34.75,33.76,37.46,41.89,33.44,27.82,26.77,26.55,26.83,25.5,26.01,27.54,34.92,48.35,71.77,62.03,54.62,50.85,41.82,38.96,35.39
11/13/2017 0:00,DA,24,56.55,"1,357.15",34.59,30.19,28.61,29.85,30.84,43.2,56.95,52.63,43.67,42.8,48.65,49.91,48.32,51.13,48.57,61.11,84.13,156.53,119.95,79.07,69.72,58.78,49.2,38.74
11/14/2017 0:00,DA,24,49.79,"1,194.92",32.59,29.98,30.23,29.98,30.62,39.57,50.84,43.44,45.14,50.26,50.18,51.77,51.83,54.24,51.82,55.4,68.49,102.8,81.74,66.53,57.06,45.57,39.52,35.32
11/15/2017 0:00,DA,24,49,"1,176.00",30.9,29.34,29.26,29.23,29.93,35.81,50.56,42.22,43.61,48.21,49.41,51.73,50.56,53.52,51.58,53.38,68.33,103.03,75.37,66.65,61.55,47.85,39.57,34.4
11/16/2017 0:00,DA,24,43.57,"1,045.69",32.98,31.93,30.14,30.65,32.86,37.53,47.31,41.01,35.58,38.01,41.96,41.36,45.58,48.55,48.38,51.85,61.1,79.84,62.4,49.91,43.94,39.87,37.94,34.99
11/17/2017 0:00,DA,24,38.5,924.09,32.64,30.4,29.88,29.29,30.55,34.54,39.54,40.06,35,33.01,35.74,35.17,38.93,37.02,37.14,40.88,45.75,65.93,50.23,44,43.99,40.04,39.02,35.32
11/18/2017 0:00,DA,24,37.61,902.75,38.47,35.43,33.78,34.71,34.66,35.69,35.51,32.05,26.26,19.73,26.21,32.07,26.6,22.45,26.85,32.21,50.98,74.98,56.69,57.23,53.03,41.93,39.55,35.66
11/19/2017 0:00,DA,24,33.99,815.78,33.69,31.39,31.37,31.47,31.27,32.14,34.4,28.46,24,22.73,22.39,23.15,23.31,23.83,26.41,33.16,42.44,63.63,54.79,52.33,46.05,37.13,34.86,31.36
11/20/2017 0:00,DA,24,46.25,"1,110.05",31.51,29.98,30.04,29.54,30.76,34.91,43.9,40.28,35.22,36.43,39.92,42.09,43.45,46.03,48.14,52.16,62.46,106.26,80.25,62.78,56.42,53.62,38.24,35.65
11/21/2017 0:00,DA,24,51.95,"1,246.82",31.53,30.72,30.53,30.4,31.59,36.91,53.5,45.91,34.29,35.44,39.54,38.85,44.94,44.24,48.64,61.33,86.22,163.34,84.58,66.31,61.3,53.74,50.94,42.02
11/22/2017 0:00,DA,24,52.98,"1,271.56",31.12,30.04,29.32,29.19,29.73,32.48,46.32,40.69,36.51,43.02,44.63,47.59,50.24,50.34,54.46,60.93,95.74,176.23,82.82,63.81,59.97,55.74,45.91,34.71
11/23/2017 0:00,DA,24,32.87,788.77,31.82,31.04,30.37,29.47,29.04,31.11,35.66,29.17,24.78,24.44,24.73,29.57,25.74,28.26,31.45,35.45,48.63,57.98,41.41,35.65,36.96,33.44,33.09,29.52
11/24/2017 0:00,DA,24,31.99,767.88,28.46,27.79,27.16,27.07,27.14,28.28,29.26,27.38,22.71,17.16,18.94,19.59,19.46,24.75,26.91,34.16,49.23,65.6,48.45,48.98,43.99,37.83,34.95,32.62
11/25/2017 0:00,DA,24,31.69,760.59,30.53,28.58,28.88,28.15,28.23,29.96,29.3,26.9,20.62,18.01,19.43,17.27,17.44,20.52,24.65,32.29,49.31,73.98,51.5,45.61,41.27,33.95,33.79,30.43
11/26/2017 0:00,DA,24,30.02,720.54,29.43,28.68,27.58,27.57,27.55,28.35,28.89,26.52,17.42,16.54,15.78,16.95,17.44,21.1,25.84,30.63,40.81,61.92,50.65,48.34,37.2,33.03,32.58,29.74
11/27/2017 0:00,DA,24,37.91,909.73,26.29,26.59,24.76,23.97,24.91,28.07,35.15,40.05,31.22,32.1,35.33,34.92,32.21,33.35,32.42,36.35,44.73,75.71,56.84,57.92,56.96,50.28,36.4,33.19
11/28/2017 0:00,DA,24,49.16,"1,179.73",32.92,30.92,29.71,29.7,31.23,35.73,76.09,56.92,39.14,39.65,37.97,39.17,40.66,42.2,41.81,49.13,65.02,110.87,83.9,72.26,66.77,50.37,45.9,31.69
11/29/2017 0:00,DA,24,51.17,"1,228.13",29.45,28.63,28.21,28.21,28.81,37.2,66.56,62.05,42.9,44.18,41.36,40.17,40.86,44.43,44.28,48.16,71.27,123,92.91,76.13,70.12,58.92,48.08,32.22
11/30/2017 0:00,DA,24,54.96,"1,319.07",31.25,29.75,29.16,29.17,30.5,38.52,82.11,69.49,46.04,43.95,42.7,44.11,43.44,46.17,44.41,49.93,78.51,136.7,101.49,80.92,74.54,64.51,47,34.7
12/1/2017 0:00,DA,24,53.65,"1,287.70",31.29,29.65,29.07,29.06,30.14,38.98,72.66,65.73,51.66,51.4,53.88,47.65,47.69,52.85,51.5,53.33,73.71,94.81,82.13,76.04,71.72,57.81,55.11,39.84
12/2/2017 0:00,DA,24,38.48,923.46,31.02,29.65,29.73,29.1,30.14,32.35,36.12,35.39,29.39,27.6,27.01,23.28,24.67,27.14,25.99,33.65,58.15,77.75,67.9,66.66,58.92,49.51,41.29,31.07
12/3/2017 0:00,DA,24,34.01,816.34,29.83,28.27,28.38,28,28.19,29.25,30.32,28.57,26.03,21.05,23.28,23.02,19.83,20.99,24.43,32.45,45,64.69,63.95,63.17,52.88,37.87,35.81,31.07
12/4/2017 0:00,DA,24,45.11,"1,082.52",30.09,29.02,28.55,28.98,29.82,36.27,65.52,54.5,40,39.68,41.34,40.61,40.76,36.76,37.21,38.49,53.14,77.39,67.97,66.36,64.71,59.84,42.79,32.73
12/5/2017 0:00,DA,24,48.66,"1,167.89",30,28.91,28.79,28.87,29.9,35.61,60.88,76.5,46.27,39.1,41.03,40.11,37.97,39.22,42.16,44.91,61.6,90.46,84.07,73.2,68.56,61.55,43.61,34.61
12/6/2017 0:00,DA,24,51.47,"1,235.37",32.89,31,30.57,31.32,32.61,41.89,76.34,68.95,46.22,40.18,44.93,42.23,42.02,43.76,44.06,42.34,64.35,89.23,97.94,82.72,71.36,59.66,45.33,33.46
12/7/2017 0:00,DA,24,55.83,"1,339.92",31.71,30.8,30.2,30.82,32.18,39.72,80.58,67.24,60,56.37,55.05,42.66,40.11,43.91,45.77,48.73,74.8,102,102.4,91.57,80.75,66.06,52.19,34.34
12/8/2017 0:00,DA,24,55.97,"1,343.34",32.51,31.73,30.82,30.9,32.19,40.48,68.36,75.92,72.94,66.95,54.67,42.73,39.14,41.22,46.04,58.35,80.99,107.07,88.15,84.3,74,61.98,47.85,34.07
12/9/2017 0:00,DA,24,37.83,907.86,32.64,30.43,29.67,29.86,30.01,32.47,36.58,35.16,29.34,26.84,29.61,24.55,24.37,24.67,27.01,31.29,48.54,73.25,71.9,66.51,57.04,46.75,36.68,32.7
12/10/2017 0:00,DA,24,36.34,872.26,30.14,29.81,29.06,29.11,29.2,29.87,30.74,29.24,26.02,24.2,20.07,20.15,20.2,21,24.72,30.43,46.38,79.07,71.89,68.83,67.97,48.77,34.46,30.95
12/11/2017 0:00,DA,24,51.18,"1,228.35",31.6,30.74,29.25,29.85,30.93,37.8,57.6,54.82,57.45,46.88,39.9,40.15,44.99,41.85,46.27,46.08,71.6,109.39,93.96,73.76,69.55,59.9,49.46,34.56
12/12/2017 0:00,DA,24,56.33,"1,351.88",33.97,33.06,31.84,32.35,33.06,39.11,58.73,76.08,67.72,51.93,53.3,42.89,49.62,50.69,50.17,50.56,78.31,107.95,92.82,84.78,80.96,66.11,50.97,34.92
12/13/2017 0:00,DA,24,58.42,"1,402.00",31.85,31.32,30.35,30.33,31.31,40.58,69.43,65.55,58.32,52.44,55.76,54.84,50.79,57.4,56.5,63.42,74.36,138.08,98.7,79.58,72.31,70.69,52.51,35.59
12/14/2017 0:00,DA,24,44.6,"1,070.44",31.76,30.78,30.07,30.5,31.79,36.3,59.2,57.27,39.6,34.95,33.68,31.85,28.03,34.03,37.56,38.97,60.84,92.67,73.76,63.26,59.91,55.85,43.07,34.75
12/15/2017 0:00,DA,24,42.23,"1,013.57",31.24,30.84,29.29,29.54,30.55,37.23,50.12,52.01,35.01,33.27,32.03,32.96,33.34,37.51,37.2,42.3,57.8,78.86,67.81,59.06,55.19,47.56,40,32.86
12/16/2017 0:00,DA,24,35.3,847.18,29.39,28.31,27.75,26.75,28.09,29.67,32.81,31.29,25.13,24.9,23.73,22.01,20.72,21.34,23.2,29.12,46.14,69.75,67.14,62.71,62.35,47.03,36.78,31.08
12/17/2017 0:00,DA,24,33.21,797.06,30.47,29.34,28.46,28.25,28.77,29.33,30.09,29.15,26.14,20.54,18.32,17.68,15,16.5,20.12,28.42,41.58,61.42,62.47,66.82,57.84,42.64,35.85,31.86
12/18/2017 0:00,DA,24,46.91,"1,125.82",30.44,29.37,29.13,29.36,31.09,37.06,62.9,66.26,49.38,44.26,34.7,33.4,33.47,32.54,33.41,40.14,62.58,84.65,75.27,73.27,68.44,62.65,46.63,35.42
12/19/2017 0:00,DA,24,47.73,"1,145.56",30.58,30.44,30.39,30.36,31.79,39,72.83,61.8,48.98,41.74,37.95,35.41,34.7,38.26,38.1,42.58,56.04,82.81,81.72,71.44,67.11,53.02,55.15,33.36
12/20/2017 0:00,DA,24,49.07,"1,177.72",29.97,29.58,29.26,29.44,30.33,36.04,60.23,58.09,55.09,53.9,47.6,45.43,42.9,44.9,42.73,42.41,57.91,82.19,81.74,75.1,64.96,50.14,53.4,34.38
12/21/2017 0:00,DA,24,53.33,"1,279.82",34.9,34.34,33.36,34.15,35.18,43.79,61.24,62.82,55.96,56.2,58.92,50.29,49.86,46.82,45.15,45.25,59.65,81.01,83.53,78.04,70,65.1,50.38,43.89
12/22/2017 0:00,DA,24,54,"1,295.89",36.44,35.18,33.19,33.46,36,42.34,64.37,78.03,64.55,55.57,52.53,49.33,45.43,45.4,45.2,45.78,65.21,82.2,78.12,72.04,70.5,63.27,54.07,47.7
12/23/2017 0:00,DA,24,39.37,944.97,36.31,34.43,32.72,32.86,33.73,36.98,40.73,40.4,34.42,33.5,27.06,25.95,22.73,22.44,26.62,33.16,39.67,61.52,68.8,64.04,61.77,55.98,42.38,36.77
12/24/2017 0:00,DA,24,37.85,908.37,35.1,33.31,30.99,29.94,30.78,34.38,36.15,34.56,36.12,32.48,29.47,28.95,28.35,27.89,28.77,35.6,45.15,65.09,65.36,57.64,48.28,42.1,37.34,34.54
12/25/2017 0:00,DA,24,35.73,857.58,33.41,31.03,29.63,29.47,29.46,30.71,33.32,33.69,31.1,28.67,27.1,24.47,22.71,22.5,25.63,31.22,39.53,62.24,61.74,57.3,52.89,46.56,38.88,34.32
12/26/2017 0:00,DA,24,56.28,"1,350.64",32.87,31.39,30.5,30.52,31.04,44.62,74.8,67.57,52.81,46.86,49.8,45.99,40.52,46.68,40.58,44.84,62.25,81.31,157.71,90.82,84.41,69.04,49.61,44.1
12/27/2017 0:00,DA,24,45.07,"1,081.79",31.09,30.93,29.96,29.95,30.8,35.16,47.14,55.32,48.08,43.75,39.93,37.07,36.68,40.7,42.31,40.76,52.7,68.72,72.69,61.13,66.95,59.18,44.09,36.7
12/28/2017 0:00,DA,24,35.39,994.78,30.09,29.14,28.45,28.45,29.17,33.85,36.57,39.36,36.71,35.07,35.45,33.88,33.53,34.84,35.62,40.35,58.69,78.51,81.02,56.86,52.86,52.34,38.65,35.32
12/29/2017 0:00,DA,24,35.39,952.06,30.73,30.16,29.51,29.63,30.19,35.31,37.31,38.39,35.92,35.92,37.84,34.84,34.46,35.49,33.34,41.72,51.53,65.25,66.53,52.48,53.96,40.34,36.38,34.82
12/30/2017 0:00,DA,24,35.39,800.08,35.47,32.5,30.6,30.23,30.51,31.13,32.72,31.66,29.85,30.04,26.01,24.75,17.69,17.71,22.64,29.63,38.18,58.89,59.5,42.39,41.92,36.99,36.16,32.91
12/31/2017 0:00,DA,24,35.39,849.47,33.95,32.84,31.35,31.36,31.33,33.42,34.24,34.28,30.81,28.8,27.59,26.4,25.27,25.53,27.6,31.97,41.36,56.45,54.13,51,47.28,40.82,37.12,34.57
